Year,Tournament,Mens_Winner,Mens_RunnerUp,Womens_Winner,Womens_RunnerUp,
2025,Australian Open,Jannik Sinner,Alexander Zverev,Madison Keys,Aryna Sabalenka,
2024,U.S. Open,Jannik Sinner,Taylor Fritz,Aryna Sabalenka,Jessica Pegula,
2024,Wimbledon,Carlos Alcaraz,Novak Djokovic,Barbora Krejcikova,Jasmine Paolini,
2024,French Open,Carlos Alcaraz,Alexander Zverev,Iga Swiatek,Jasmine Paolini,
2024,Australian Open,Jannik Sinner,Daniil Medvedev,Aryna Sabalenka,Qinwen Zheng,
2023,U.S. Open,Novak Djokovic,Daniil Medvedev,Coco Gauff,Aryna Sabalenka,
2023,Wimbledon,Carlos Alcaraz,Novak Djokovic,Marketa Vondrousova,Ons Jabeur,
2023,French Open,Novak Djokovic,Casper Ruud,Iga Swiatek,Karolina Muchova,
2023,Australian Open,Novak Djokovic,Stefanos Tsitsipas,Aryna Sabalenka,Elena Rybakina,
2022,U.S. Open,Carlos Alcaraz,Casper Ruud,Iga Swiatek,Ons Jabeur,
2022,Wimbledon,Novak Djokovic,Nick Kyrgios,Elena Rybakina,Ons Jabeur,
2022,French Open,Rafael Nadal,Casper Ruud,Iga Swiatek,Coco Gauff,
2022,Australian Open,Rafael Nadal,Daniil Medvedev,Ashleigh Barty,Danielle Collins,
2021,U.S. Open,Daniil Medvedev,Novak Djokovic,Emma Raducanu,Leylah Fernandez,
2021,Wimbledon,Novak Djokovic,Matteo Berrettini,Ashleigh Barty,Karolina Pliskova,
2021,French Open,Novak Djokovic,Stefanos Tsitsipas,Barbora Krejcikova,Anastasia Pavlyuchenkova,
2021,Australian Open,Novak Djokovic,Daniil Medvedev,Naomi Osaka,Jennifer Brady,
2020,French Open,Rafael Nadal,Novak Djokovic,Iga Swiatek,Sofia Kenin,
2020,U.S. Open,Dominic Thiem,Alexander Zverev,Naomi Osaka,Victoria Azarenka,
2020,Australian Open,Novak Djokovic,Dominic Thiem,Sofia Kenin,Garbine Muguruza,
2019,U.S. Open,Rafael Nadal,Daniil Medvedev,Bianca Andreescu,Serena Williams,
2019,Wimbledon,Novak Djokovic,Roger Federer,Simona Halep,Serena Williams,
2019,French Open,Rafael Nadal,Dominic Thiem,Ashleigh Barty,Marketa Vondrousova,
2019,Australian Open,Novak Djokovic,Rafael Nadal,Naomi Osaka,Petra Kvitova,
2018,U.S. Open,Novak Djokovic,Juan Martin del Potro,Naomi Osaka,Serena Williams,
2018,Wimbledon,Novak Djokovic,Kevin Anderson,Angelique Kerber,Serena Williams,
2018,French Open,Rafael Nadal,Dominic Thiem,Simona Halep,Sloane Stephens,
2018,Australian Open,Roger Federer,Marin Cilic,Caroline Wozniacki,Simona Halep,
2017,U.S. Open,Rafael Nadal,Kevin Anderson,Sloane Stephens,Madison Keys,
2017,Wimbledon,Roger Federer,Marin Cilic,Garbine Muguruza,Venus Williams,
2017,French Open,Rafael Nadal,Stan Wawrinka,Jelena Ostapenko,Simona Halep,
2017,Australian Open,Roger Federer,Rafael Nadal,Serena Williams,Venus Williams,
2016,U.S. Open,Stan Wawrinka,Novak Djokovic,Angelique Kerber,Karolina Pliskova,
2016,Wimbledon,Andy Murray,Milos Raonic,Serena Williams,Angelique Kerber,
2016,French Open,Novak Djokovic,Andy Murray,Garbine Muguruza,Serena Williams,
2016,Australian Open,Novak Djokovic,Andy Murray,Angelique Kerber,Serena Williams,
2015,U.S. Open,Novak Djokovic,Roger Federer,Flavia Pennetta,Roberta Vinci,
2015,Wimbledon,Novak Djokovic,Roger Federer,Serena Williams,Garbine Muguruza,
2015,French Open,Stan Wawrinka,Novak Djokovic,Serena Williams,Lucie Safarova,
2015,Australian Open,Novak Djokovic,Andy Murray,Serena Williams,Maria Sharapova,
2014,U.S. Open,Marin Cilic,Kei Nishikori,Serena Williams,Caroline Wozniacki,
2014,Wimbledon,Novak Djokovic,Roger Federer,Petra Kvitova,Eugenie Bouchard,
2014,French Open,Rafael Nadal,Novak Djokovic,Maria Sharapova,Simona Halep,
2014,Australian Open,Stan Wawrinka,Rafael Nadal,Li Na,Dominika Cibulkova,
2013,U.S. Open,Rafael Nadal,Novak Djokovic,Serena Williams,Victoria Azarenka,
2013,Wimbledon,Andy Murray,Novak Djokovic,Marion Bartoli,Sabine Lisicki,
2013,French Open,Rafael Nadal,David Ferrer,Serena Williams,Maria Sharapova,
2013,Australian Open,Novak Djokovic,Andy Murray,Victoria Azarenka,Li Na,
2012,U.S. Open,Andy Murray,Novak Djokovic,Serena Williams,Victoria Azarenka,
2012,Wimbledon,Roger Federer,Andy Murray,Serena Williams,Agnieszka Radwanska,
2012,French Open,Rafael Nadal,Novak Djokovic,Maria Sharapova,Sara Errani,
2012,Australian Open,Novak Djokovic,Rafael Nadal,Victoria Azarenka,Maria Sharapova,
2011,U.S. Open,Novak Djokovic,Rafael Nadal,Samantha Stosur,Serena Williams,
2011,Wimbledon,Novak Djokovic,Rafael Nadal,Petra Kvitova,Maria Sharapova,
2011,French Open,Rafael Nadal,Roger Federer,Li Na,Francesca Schiavone,
2011,Australian Open,Novak Djokovic,Andy Murray,Kim Clijsters,Li Na,
2010,U.S. Open,Rafael Nadal,Novak Djokovic,Kim Clijsters,Vera Zvonareva,
2010,Wimbledon,Rafael Nadal,Tomas Berdych,Serena Williams,Vera Zvonareva,
2010,French Open,Rafael Nadal,Robin Soderling,Francesca Schiavone,Samantha Stosur,
2010,Australian Open,Roger Federer,Andy Murray,Serena Williams,Justine Henin,
2009,U.S. Open,Juan Martin del Potro,Roger Federer,Kim Clijsters,Caroline Wozniacki,
2009,Wimbledon,Roger Federer,Andy Roddick,Serena Williams,Venus Williams,
2009,French Open,Roger Federer,Robin Soderling,Svetlana Kuznetsova,Dinara Safina,
2009,Australian Open,Rafael Nadal,Roger Federer,Serena Williams,Dinara Safina,
2008,U.S. Open,Roger Federer,Andy Murray,Serena Williams,Jelena Jankovic,
2008,Wimbledon,Rafael Nadal,Roger Federer,Venus Williams,Serena Williams,
2008,French Open,Rafael Nadal,Roger Federer,Ana Ivanovic,Dinara Safina,
2008,Australian Open,Novak Djokovic,Jo-Wilfried Tsonga,Maria Sharapova,Ana Ivanovic,
2007,U.S. Open,Roger Federer,Novak Djokovic,Justine Henin,Svetlana Kuznetsova,
2007,Wimbledon,Roger Federer,Rafael Nadal,Venus Williams,Marion Bartoli,
2007,French Open,Rafael Nadal,Roger Federer,Justine Henin,Ana Ivanovic,
2007,Australian Open,Roger Federer,Fernando Gonzalez,Serena Williams,Maria Sharapova,
2006,U.S. Open,Roger Federer,Andy Roddick,Maria Sharapova,Justine Henin-Hardenne,
2006,Wimbledon,Roger Federer,Rafael Nadal,Amelie Mauresmo,Justine Henin-Hardenne,
2006,French Open,Rafael Nadal,Roger Federer,Justine Henin-Hardenne,Svetlana Kuznetsova,
2006,Australian Open,Roger Federer,Marcos Baghdatis,Amelie Mauresmo,Justine Henin-Hardenne,
2005,U.S. Open,Roger Federer,Andre Agassi,Kim Clijsters,Mary Pierce,
2005,Wimbledon,Roger Federer,Andy Roddick,Venus Williams,Lindsay Davenport,
2005,French Open,Rafael Nadal,Mariano Puerta,Justine Henin-Hardenne,Mary Pierce,
2005,Australian Open,Marat Safin,Lleyton Hewitt,Serena Williams,Lindsay Davenport,
2004,U.S. Open,Roger Federer,Lleyton Hewitt,Svetlana Kuznetsova,Elena Dementieva,
2004,Wimbledon,Roger Federer,Andy Roddick,Maria Sharapova,Serena Williams,
2004,French Open,Gaston Gaudio,Guillermo Coria,Anastasia Myskina,Elena Dementieva,
2004,Australian Open,Roger Federer,Marat Safin,Justine Henin-Hardenne,Kim Clijsters,
2003,U.S. Open,Andy Roddick,Juan Carlos Ferrero,Justine Henin-Hardenne,Kim Clijsters,
2003,Wimbledon,Roger Federer,Mark Philippoussis,Serena Williams,Venus Williams,
2003,French Open,Juan Carlos Ferrero,Martin Verkerk,Justine Henin-Hardenne,Kim Clijsters,
2003,Australian Open,Andre Agassi,Rainer Schuettler,Serena Williams,Venus Williams,
2002,U.S. Open,Pete Sampras,Andre Agassi,Serena Williams,Venus Williams,
2002,Wimbledon,Lleyton Hewitt,David Nalbandian,Serena Williams,Venus Williams,
2002,French Open,Albert Costa,Juan Carlos Ferrero,Serena Williams,Venus Williams,
2002,Australian Open,Thomas Johannson,Marat Safin,Jennifer Capriati,Martina Hingis,
2001,U.S. Open,Lleyton Hewitt,Pete Sampras,Venus Williams,Serena Williams,
2001,Wimbledon,Goran Ivanisevic,Patrick Rafter,Venus Williams,Justine Henin,
2001,French Open,Gustavo Kuerten,Alex Corretja,Jennifer Capriati,Kim Clijsters,
2001,Australian Open,Andre Agassi,Arnaud Clement,Jennifer Capriati,Martina Hingis,
2000,U.S. Open,Marat Safin,Pete Sampras,Venus Williams,Lindsay Davenport,
2000,Wimbledon,Pete Sampras,Patrick Rafter,Venus Williams,Lindsay Davenport,
2000,French Open,Gustavo Kuerten,Magnus Norman,Mary Pierce,Conchita Martinez,
2000,Australian Open,Andre Agassi,Yevgeny Kafelnikov,Lindsay Davenport,Martina Hingis,
1999,U.S. Open,Andre Agassi,Todd Martin,Serena Williams,Martina Hingis,
1999,Wimbledon,Pete Sampras,Andre Agassi,Lindsay Davenport,Steffi Graf,
1999,French Open,Andre Agassi,Andre Medvedev,Steffi Graf,Martina Hingis,
1999,Australian Open,Yevgeny Kafelnikov,Thomas Enqvist,Martina Hingis,Amelie Mauresmo,
1998,U.S. Open,Patrick Rafter,Mark Philippoussis,Lindsay Davenport,Martina Hingis,
1998,Wimbledon,Pete Sampras,Goran Ivanisevic,Jana Novotna,Nathalie Tauziat,
1998,French Open,Carlos Moya,Alex Corretja,Aranxta Sanchez-Vicario,Monica Seles,
1998,Australian Open,Petr Korda,Marcelo Rios,Martina Hingis,Conchita Martinez,
1997,U.S. Open,Patrick Rafter,Greg Rusedski,Martina Hingis,Venus Williams,
1997,Wimbledon,Pete Sampras,Cedric Pioline,Martina Hingis,Jana Novotna,
1997,French Open,Gustavo Kuerten,Sergi Bruguera,Iva Majoli,Martina Hingis,
1997,Australian Open,Pete Sampras,Carlos Moya,Martina Hingis,Mary Pierce,
1996,U.S. Open,Pete Sampras,Michael Chang,Steffi Graf,Monica Seles,
1996,Wimbledon,Richard Krajicek,MaliVai Washington,Steffi Graf,Arantxa Sanchez-Vicario,
1996,French Open,Yevgeny Kafelnikov,Michael Stich,Steffi Graf,Arantxa Sanchez-Vicario,
1996,Australian Open,Boris Becker,Michael Chang,Monica Seles,Anke Huber,
1995,U.S. Open,Pete Sampras,Andre Agassi,Steffi Graf,Monica Seles,
1995,Wimbledon,Pete Sampras,Boris Becker,Steffi Graf,Arantxa Sanchez-Vicario,
1995,French Open,Thomas Muster,Michael Chang,Steffi Graf,Arantxa Sanchez-Vicario,
1995,Australian Open,Andre Agassi,Pete Sampras,Mary Pierce,Arantxa Sanchez-Vicario,
1994,U.S. Open,Andre Agassi,Michael Stich,Aranxta Sanchez-Vicario,Steffi Graf,
1994,Wimbledon,Pete Sampras,Goran Ivanisevic,Conchita Martinez,Martina Navratilova,
1994,French Open,Sergi Bruguera,Alberto Berasategui,Aranxta Sanchez-Vicario,Mary Pierce,
1994,Australian Open,Pete Sampras,Todd Martin,Steffi Graf,Arantxa Sanchez-Vicario,
1993,U.S. Open,Pete Sampras,Cedric Pioline,Steffi Graf,Helena Sukova,
1993,Wimbledon,Pete Sampras,Jim Courier,Steffi Graf,Jana Novotna,
1993,French Open,Sergi Bruguera,Jim Courier,Steffi Graf,Mary Jo Fernandez,
1993,Australian Open,Jim Courier,Stefan Edberg,Monica Seles,Steffi Graf,
1992,U.S. Open,Stefan Edberg,Pete Sampras,Monica Seles,Arantxa Sanchez-Vicario,
1992,Wimbledon,Andre Agassi,Goran Ivanisevic,Steffi Graf,Monica Seles,
1992,French Open,Jim Courier,Petr Korda,Monica Seles,Steffi Graf,
1992,Australian Open,Jim Courier,Stefan Edberg,Monica Seles,Mary Joe Fernandez,
1991,U.S. Open,Stefan Edberg,Jim Courier,Monica Seles,Martina Navratilova,
1991,Wimbledon,Michael Stich,Boris Becker,Steffi Graf,Gabriela Sabatini,
1991,French Open,Jim Courier,Andre Agassi,Monica Seles,Arantxa Sanchez-Vicario,
1991,Australian Open,Boris Becker,Ivan Lendl,Monica Seles,Jana Novotna,
1990,U.S. Open,Pete Sampras,Andre Agassi,Gabriela Sabatini,Steffi Graf,
1990,Wimbledon,Stefan Edberg,Boris Becker,Martina Navratilova,Zena Garrison,
1990,French Open,Andres Gomez,Andre Agassi,Monica Seles,Steffi Graf,
1990,Australian Open,Ivan Lendl,Stefan Edberg,Steffi Graf,Mary Joe Fernandez,
1989,U.S. Open,Boris Becker,Ivan Lendl,Steffi Graf,Martina Navratilova,
1989,Wimbledon,Boris Becker,Stefan Edberg,Steffi Graf,Martina Navratilova,
1989,French Open,Michael Chang,Stefan Edberg,Aranxta Sanchez-Vicario,Steffi Graf,
1989,Australian Open,Ivan Lendl,Miloslav Mecir,Steffi Graf,Helena Sukova,
1988,U.S. Open,Mats Wilander,Ivan Lendl,Steffi Graf,Gabriela Sabatini,
1988,Wimbledon,Stefan Edberg,Boris Becker,Steffi Graf,Martina Navratilova,
1988,French Open,Mats Wilander,Henri Leconte,Steffi Graf,Natasha Zvereva,
1988,Australian Open,Mats Wilander,Pat Cash,Steffi Graf,Chris Evert,
1987,U.S. Open,Ivan Lendl,Mats Wilander,Martina Navratilova,Steffi Graf,
1987,Wimbledon,Pat Cash,Ivan Lendl,Martina Navratilova,Steffi Graf,
1987,French Open,Ivan Lendl,Mats Wilander,Steffi Graf,Martina Navratilova,
1987,Australian Open,Stefan Edberg,Pat Cash,Hana Mandlikova,Martina Navratilova,
1986,U.S. Open,Ivan Lendl,Miloslav Mecir,Martina Navratilova,Helena Sukova,
1986,Wimbledon,Boris Becker,Ivan Lendl,Martina Navratilova,Hana Mandlikova,
1986,French Open,Ivan Lendl,Mikael Pernfors,Chris Evert-Lloyd,Martina Navratilova,
1985,Australian Open,Stefan Edberg,Mats Wilander,Martina Navratilova,Chris Evert,
1985,U.S. Open,Ivan Lendl,John McEnroe,Hana Mandlikova,Martina Navratilova,
1985,Wimbledon,Boris Becker,Kevin Curren,Martina Navratilova,Chris Evert-Lloyd,
1985,French Open,Mats Wilander,Ivan Lendl,Chris Evert-Lloyd,Martina Navratilova,
1984,Australian Open,Mats Wilander,Kevin Curren,Chris Evert-Lloyd,Helena Sukova,
1984,U.S. Open,John McEnroe,Ivan Lendl,Martina Navratilova,Chris Evert-Lloyd,
1984,Wimbledon,John McEnroe,Jimmy Connors,Martina Navratilova,Chris Evert-Lloyd,
1984,French Open,Ivan Lendl,John McEnroe,Martina Navratilova,Chris Evert-Lloyd,
1983,Australian Open,Mats Wilander,Ivan Lendl,Martina Navratilova,Kathy Jordan,
1983,U.S. Open,Jimmy Connors,Ivan Lendl,Martina Navratilova,Chris Evert-Lloyd,
1983,Wimbledon,John McEnroe,Chris Lewis,Martina Navratilova,Andrea Jaeger,
1983,French Open,Yannick Noah,Mats Wilander,Chris Evert-Lloyd,Mima Jausovec,
1982,Australian Open,Johan Kriek,Steve Denton,Chris Evert-Lloyd,Martina Navratilova,
1982,U.S. Open,Jimmy Connors,Ivan Lendl,Chris Evert-Lloyd,Hana Mandlikova,
1982,Wimbledon,Jimmy Connors,John McEnroe,Martina Navratilova,Chris Evert-Lloyd,
1982,French Open,Mats Wilander,Guillermo Vilas,Martina Navratilova,Andrea Jaeger,
1981,Australian Open,Johan Kriek,Steve Denton,Martina Navratilova,Chris Evert,
1981,U.S. Open,John McEnroe,Bjorn Borg,Tracy Austin,Martina Navratilova,
1981,Wimbledon,John McEnroe,Bjorn Borg,Chris Evert-Lloyd,Hana Mandlikova,
1981,French Open,Bjorn Borg,Ivan Lendl,Hana Mandlikova,Sylvia Hanika,
1980,Australian Open,Brian Teacher,Kim Warwick,Hana Mandlikova,Wendy Turnbull,
1980,U.S. Open,John McEnroe,Bjorn Borg,Chris Evert-Lloyd,Hana Mandlikova,
1980,Wimbledon,Bjorn Borg,John McEnroe,R.A. Cawley,Chris Evert-Lloyd,
1980,French Open,Bjorn Borg,Vitas Gerulaitis,Chris Evert-Lloyd,Sylvia Hanika,
1979,Australian Open,Guillermo Vilas,John Sadri,Barbara Jordan,Sharon Walsh,
1979,U.S. Open,John McEnroe,Vitas Gerulaitis,Tracy Austin,Chris Evert-Lloyd,
1979,Wimbledon,Bjorn Borg,Roscoe Tanner,Martina Navratilova,Chris Evert-Lloyd,
1979,French Open,Bjorn Borg,Victor Pecci,Chris Evert-Lloyd,Wendy Turnbull,
1978,Australian Open,Guillermo Vilas,John Marks,Chris O'Neil,Betsy Nagelsen,
1978,U.S. Open,Jimmy Connors,Bjorn Borg,Chris Evert,Pam Shriver,
1978,Wimbledon,Bjorn Borg,Jimmy Connors,Martina Navratilova,Chris Evert,
1978,French Open,Bjorn Borg,Guillermo Vilas,Virginia Ruzici,Mima Jausovec,
1977,Australian Open (Dec),Vitas Gerulaitis,John Lloyd,Evonne Goolagong-Cawley,Helen Gourlay,
1977,U.S. Open,Guillermo Vilas,Jimmy Connors,Chris Evert,Wendy Turnbull,
1977,Wimbledon,Bjorn Borg,Jimmy Connors,Virginia Wade,Betty Stove,
1977,French Open,Guillermo Vilas,Brian Gottfried,Mima Jausovec,Florenta Mihai,
1977,Australian Open (Jan),Roscoe Tanner,Guillermo Vilas,Kerry Reid,Dianne Fromholtz,
1976,U.S. Open,Jimmy Connors,Bjorn Borg,Chris Evert,Evonne Goolagong-Cawley,
1976,Wimbledon,Bjorn Borg,Ilie Nastase,Chris Evert,Evonne Goolagong-Cawley,
1976,French Open,Adriano Panatta,Harold Soloman,Sue Barker,Renata Tomanova,
1976,Australian Open,Mark Edmondson,John Newcombe,Evonne Goolagong-Cawley,Renata Tomanova,
1975,U.S. Open,Manuel Orantes,Jimmy Connors,Chris Evert,Evonne Goolagong-Cawley,
1975,Wimbledon,Arthur Ashe,Jimmy Connors,Billie Jean King,Evonne Goolagong-Cawley,
1975,French Open,Bjorn Borg,Guillermo Vilas,Chris Evert,Martina Navratilova,
1975,Australian Open,John Newcombe,Jimmy Connors,Evonne Goolagong,Martina Navratilova,
1974,U.S. Open,Jimmy Connors,Ken Rosewall,Billie Jean King,Evonne Goolagong,
1974,Wimbledon,Jimmy Connors,Ken Rosewall,Chris Evert,Olga Morozova,
1974,French Open,Bjorn Borg,Manuel Orantes,Chris Evert,Olga Morozova,
1974,Australian Open,Jimmy Connors,Phil Dent,Evonne Goolagong,Chris Evert,
1973,U.S. Open,John Newcombe,Jan Kodes,Margaret Smith-Court,Evonne Goolagong,
1973,Wimbledon,Jan Kodes,Alex Metreveli,Billie Jean King,Chris Evert,
1973,French Open,Ilie Nastase,Nikola Pilic,Margaret Smith-Court,Chris Evert,
1973,Australian Open,John Newcombe,Onny Parun,Margaret Smith-Court,Evonne Goolagong,
1972,U.S. Open,Ilie Nastase,Arthur Ashe,Billie Jean King,Kerry Melville,
1972,Wimbledon,Stan Smith,Ilie Nastase,Billie Jean King,Evonne Goolagong,
1972,French Open,Andres Gimeno,Patrick Proisy,Billie Jean King,Evonne Goolagong,
1972,Australian Open,Ken Rosewall,Mal Anderson,Virginia Wade,Evonne Goolagong,
1971,U.S. Open,Stan Smith,Jan Kodes,Billie Jean King,Rosemary Casals,
1971,Wimbledon,John Newcombe,Stan Smith,Evonne Goolagong,Margaret Court,
1971,French Open,Jan Kodes,Ilie Nastase,Evonne Goolagong,Helen Gourlay,
1971,Australian Open,Ken Rosewall,Arthur Ashe,Margaret Smith-Court,Evonne Goolagong,
1970,U.S. Open,Ken Rosewall,Tony Roche,Margaret Smith-Court,Rosemary Casals,
1970,Wimbledon,John Newcombe,Ken Rosewall,Margaret Smith-Court,Billie Jean King,
1970,French Open,Jan Kodes,Zeljiko Franulovic,Margaret Smith-Court,Helga Niessen,
1970,Australian Open,Arthur Ashe,Dick Crealy,Margaret Smith-Court,Kerry Melville,
1969,U.S. Open,Rod Laver,Tony Roche,Margaret Smith-Court,Nancy Richey,
1969,Wimbledon,Rod Laver,John Newcombe,Ann Haydon Jones,Billie Jean King,
1969,French Open,Rod Laver,Ken Rosewall,Margaret Smith-Court,Ann Jones,
1969,Australian Open,Rod Laver,Andres Gimeno,Margaret Smith-Court,Billie Jean King,
1968,U.S. Open,Arthur Ashe,Tom Okker,Virginia Wade,Billie Jean King,
1968,Wimbledon,Rod Laver,Tony Roche,Billie Jean King,Judy Tegart,
1968,French Open,Ken Rosewall,Rod Laver,Nancy Richey,Ann Jones,
1968,Australian Open,Bill Bowrey,Juan Gisbert,Billie Jean King,Margaret Smith-Court,
1967,U.S. Open,John Newcombe,Clark Graebner,Billie Jean King,Ann Haydon Jones,
1967,Wimbledon,John Newcombe,Wilhelm Bungert,Billie Jean King,Ann Jones,
1967,French Open,Roy Emerson,Tony Roche,Francoise Durr,Lesley Turner,
1967,Australian Open,Roy Emerson,Arthur Ashe,Nancy Richey,Lesley Turner,
1966,U.S. Open,Fred Stolle,John Newcombe,Maria Bueno,Nancy Richey,
1966,Wimbledon,Manuel Santana,Dennis Ralston,Billie Jean King,Maria Bueno,
1966,French Open,Tony Roche,Istvan Gulyas,Ann Haydon Jones,Nancy Richey,
1966,Australian Open,Roy Emerson,Arthur Ashe,Margaret Smith,Nancy Richey,
1965,U.S. Open,Manuel Santana,Cliff Drysdale,Margaret Smith,Billie Jean Moffitt,
1965,Wimbledon,Roy Emerson,Fred Stolle,Margaret Smith,Maria Bueno,
1965,French Open,Fred Stolle,Tony Roche,Lesley Turner,Margaret Smith,
1965,Australian Open,Roy Emerson,Fred Stolle,Margaret Smith,Maria Bueno,
1964,U.S. Open,Roy Emerson,Fred Stolle,Maria Bueno,Carole Caldwell Graebner,
1964,Wimbledon,Roy Emerson,Fred Stolle,Maria Bueno,Margaret Smith,
1964,French Open,Manuel Santana,Nicola Pietrangeli,Margaret Smith,Maria Bueno,
1964,Australian Open,Roy Emerson,Fred Stolle,Margaret Smith,Lesley Turner,
1963,U.S. Open,Rafael Osuna,"Frank Froehling, III",Maria Bueno,Margaret Smith,
1963,Wimbledon,C.R. McKinley,Fred Stolle,Margaret Smith,Billie Jean Moffitt,
1963,French Open,Roy Emerson,Pierre Darmon,Lesley Turner,Ann Jones,
1963,Australian Open,Roy Emerson,Ken Fletcher,Margaret Smith,Jan Lehane,
1962,U.S. Open,Rod Laver,Roy Emerson,Margaret Smith,Darlene R. Hard,
1962,Wimbledon,Rod Laver,Martin Mulligan,Karen Susman,Vera Sukova,
1962,French Open,Rod Laver,Roy Emerson,Margaret Smith,Lesley Turner,
1962,Australian Open,Rod Laver,Roy Emerson,Margaret Smith,Jan Lehane,
1961,U.S. Open,Roy Emerson,Rod Laver,Darlene R. Hard,Ann Haydon,
1961,Wimbledon,Rod Laver,Chuck McKinley,Angela Mortimer,Christine Truman,
1961,French Open,Manuel Santana,Nicola Pietrangeli,Ann Haydon,Yola Ramirez,
1961,Australian Open,Roy Emerson,Rod Laver,Margaret Smith,Jan Lehane,
1960,U.S. Open,Neale Fraser,Rod Laver,Darlene R. Hard,Maria Bueno,
1960,Wimbledon,Neale Fraser,Rod Laver,Maria Bueno,Sandra Reynolds,
1960,French Open,Nicola Pietrangeli,Luis Ayala,Darlene R. Hard,Yola Ramirez,
1960,Australian Open,Rod Laver,Neale Fraser,Margaret Smith,Jan Lehane,
1959,U.S. Open,Neale Fraser,Alejandro Olmedo,Maria Bueno,Christine Truman,
1959,Wimbledon,Alejandro Olmedo,Rod Laver,Maria Bueno,Darlene Hard,
1959,French Open,Nicola Pietrangeli,Ian Vermaak,Christine Truman,Zsuzsi Kormoczy,
1959,Australian Open,Alex Olmedo,Neale Fraser,Mary Carter Reitano,Renee Schuurman,
1958,U.S. Open,Ashley J. Cooper,Malcolm J. Anderson,Althea Gibson,Darlene R. Hard,
1958,Wimbledon,Ashley J. Cooper,Neale Fraser,Althea Gibson,Angela Mortimer,
1958,French Open,Mervyn Rose,Luis Ayala,Zsuzsi Kormoczy,Shirley Bloomer,
1958,Australian Open,Ashley J. Cooper,Mal Anderson,Angela Mortimer,Lorraine Coghlan,
1957,U.S. Open,Malcolm J. Anderson,Ashley J. Cooper,Althea Gibson,A. Louise Brough,
1957,Wimbledon,Lewis Hoad,Ashley Cooper,Althea Gibson,Darlene Hard,
1957,French Open,Sven Davidson,Herbert Flam,Shirley Bloomer,Dorothy Head Knode,
1957,Australian Open,Ashley J. Cooper,Neale Fraser,Shirley Fry,Althea Gibson,
1956,U.S. Open,Ken Rosewall,Lewis Hoad,Shirley Fry,Althea Gibson,
1956,Wimbledon,Lewis Hoad,Ken Rosewall,Shirley Fry,Angela Buxton,
1956,French Open,Lewis Hoad,Sven Davidson,Althea Gibson,Angela Mortimer,
1956,Australian Open,Lewis Hoad,Ken Rosewall,Mary Carter,Thelma Long,
1955,U.S. Open,Tony Trabert,Ken Rosewall,Doris Hart,Patricia Ward,
1955,Wimbledon,Tony Trabert,Kurt Nielsen,Louise Brough,Beverly Fleitz,
1955,French Open,Tony Trabert,Sven Davidson,Angela Mortimer,Dorothy Head Knode,
1955,Australian Open,Ken Rosewall,Lew Hoad,Beryl Penrose,Thelma Long,
1954,U.S. Open,E. Victor Seixas Jr.,Rex Hartwig,Doris Hart,A. Louise Brough,
1954,Wimbledon,Jaroslav Drobny,Ken Rosewall,Maureen Connolly,Louise Brough,
1954,French Open,Tony Trabert,Sven Davidson,Maureen Connolly,Ginette Bucaille,
1954,Australian Open,Mervyn Rose,Rex Hartwig,Thelma Long,Jennifer Staley,
1953,U.S. Open,Tony Trabert,"E. Victor Seixas, Jr.",Maureen Connolly,Doris Hart,
1953,Wimbledon,E. Victor Seixas Jr.,Kurt Nielsen,Maureen Connolly,Doris Hart,
1953,French Open,Ken Rosewall,"E. Victor Seixas, Jr.",Maureen Connolly,Doris Hart,
1953,Australian Open,Ken Rosewall,Mervyn Rose,Maureen Connolly,Julia Sampson,
1952,U.S. Open,Frank Sedgman,Gardnar Mulloy,Maureen Connolly,Doris Hart,
1952,Wimbledon,Frank Sedgman,Jaroslav Drobny,Maureen Connolly,Louise Brough,
1952,French Open,Jaroslav Drobny,Frank Sedgman,Doris Hart,Shirley Fry,
1952,Australian Open,Ken McGregor,Frank Sedgman,Thelma Long,H. Angwin,
1951,U.S. Open,Frank Sedgman,"E. Victor Seixas, Jr.",Maureen Connolly,Shirley Fry,
1951,Wimbledon,R. Savitt,Ken McGregor,Doris Hart,Shirley Fry,
1951,French Open,Jaroslav Drobny,Eric Sturgess,Shirley Fry,Doris Hart,
1951,Australian Open,Dick Savitt,Ken McGregor,Nancye Wynne Bolton,Thelma Long-Coyne,
1950,U.S. Open,Arthur Larsen,Herbert Flam,Margaret Osborne duPont,Doris Hart,
1950,Wimbledon,J.E. Patty,Frank Sedgman,Louise Brough,Margaret Osborne duPont,
1950,French Open,Budge Patty,Jaroslav Drobny,Doris Hart,Patricia Todd,
1950,Australian Open,Frank Sedgman,Ken McGregor,A. Louise Brough,Doris Hart,
1949,U.S. Open,Richard A. Gonzales,Frederick Schroeder,Margaret Osborne duPont,Doris Hart,
1949,Wimbledon,F.R. Schroeder,Jaroslav Drobny,Louise Brough,Margaret Osborne duPont,
1949,French Open,Frank Parker,Budge Patty,Margaret Osborne duPont,Nelly Adamson,
1949,Australian Open,Frank Sedgman,John Bromwich,Doris Hart,Nancye Bolton,
1948,U.S. Open,Richard A. Gonzales,Eric W. Sturgess,Margaret Osborne duPont,A. Louise Brough,
1948,Wimbledon,R. Falkenburg,John Bromwich,Louise Brough,Doris Hart,
1948,French Open,Frank Parker,Jaroslav Drobny,Nelly Landry,Shirley Fry,
1948,Australian Open,Adrian Quist,John Bromwich,Nancye Wynne Bolton,Marie Toomey,
1947,U.S. Open,Jack Kramer,Frank Parker,A. Louise Brough,Margaret Osborne,
1947,Wimbledon,Jack Kramer,Tom P. Brown,Margaret Osborne duPont,Doris Hart,
1947,French Open,Jozsef Asboth,Eric Sturgess,Patricia Todd,Doris Hart,
1947,Australian Open,Dinny Pails,John Bromwich,Nancye Wynne Bolton,Nell Hopman,
1946,U.S. Open,Jack Kramer,"Tom Brown, Jr.",Pauline Betz,Patricia Canning,
1946,Wimbledon,Yvon Petra,Geoff E. Brown,Pauline Betz,Louise Brough,
1946,French Open,Marcel Bernard,Jaroslav Drobny,Margaret Osborne duPont,Pauline Betz,
1946,Australian Open,John Bromwich,Dinny Pails,Nancye Wynne Bolton,Joyce Fitch,
1945,U.S. Open,Frank Parker,William F. Talbert,Sarah Palfrey Cooke,Pauline Betz,
1944,U.S. Open,Frank Parker,William F. Talbert,Pauline Betz,Margaret Osborne,
1943,U.S. Open,Lt. Joseph R. Hunt,Seaman Jack Kramer,Pauline Betz,A. Louise Brough,
1942,U.S. Open,"Frederick R. Schroeder, Jr.",Frank Parker,Pauline Betz,A. Louise Brough,
1941,U.S. Open,Robert Riggs,"Francis Kovacs, 2d",Sarah Palfrey Cooke,Pauline Betz,
1940,U.S. Open,Donald McNeill,Robert Riggs,Alice Marble,Helen Jacobs,
1940,Australian Open,Adrian Quist,Jack Crawford,Nancye Wynne Bolton,Thelma Coyne,
1939,U.S. Open,Robert Riggs,S. Welby van Horn,Alice Marble,Helen Jacobs,
1939,Wimbledon,Robert Riggs,Elwood Cooke,Alice Marble,Kay Stammers,
1939,French Open,William McNeill,Robert Riggs,Simone Mathieu,Jadwiga Jedrzejowska,
1939,Australian Open,John Bromwich,Adrian Quist,Emily Westacott,Nell Hopman,
1938,U.S. Open,Donald Budge,C. Gene Mako,Alice Marble,Nancye Wynne,
1938,Wimbledon,Donald Budge,Henry Austin,Helen Wills Moody,Helen Jacobs,
1938,French Open,Donald Budge,Roderik Menzel,Simone Mathieu,Nelly Adamson,
1938,Australian Open,Donald Budge,John Bromwich,Dorothy Bundy,Dorothy Stevenson,
1937,U.S. Open,Donald Budge,Gottfried Von Cramm,Anita Lizana,Jadwiga Jedrzejowska,
1937,Wimbledon,Donald Budge,Gottfried Von Cramm,Dorothy Round,Jadwiga Jedrzejowska,
1937,French Open,Henner Henkel,Henry Austin,Hilde Sperling,Simone Mathieu,
1937,Australian Open,Vivian McGrath,John Bromwich,Nancye Wynne,Emily Westacott,
1936,U.S. Open,Fred Perry,J. Donald Budge,Alice Marble,Helen Jacobs,
1936,Wimbledon,Fred Perry,Gottfried Von Cramm,Helen Jacobs,Hilde Kranwinkel Sperling,
1936,French Open,Gottfried Von Cramm,Fred Perry,Hilde Sperling,Simone Mathieu,
1936,Australian Open,Adrian Quist,Jack Crawford,Joan Hartigan,Nancye Wynne,
1935,U.S. Open,Wilmer L. Allison,Sidney B. Wood,Helen Jacobs,Sarah H. Palfrey,
1935,Wimbledon,Fred Perry,Gottfried Von Cramm,Helen Wills Moody,Helen Jacobs,
1935,French Open,Fred Perry,Gottfried von Cramm,Hilde Sperling,Simone Mathieu,
1935,Australian Open,Jack Crawford,Fred Perry,Dorothy Round,Nancy Lyle,
1934,U.S. Open,Fred Perry,Wilmer L. Allison,Helen Jacobs,Sarah H. Palfrey,
1934,Wimbledon,Fred Perry,Jack Crawford,Dorothy Round,Helen Jacobs,
1934,French Open,Gottfried Von Cramm,Jack Crawford,Margaret Scriven,Helen Jacobs,
1934,Australian Open,Fred Perry,Jack Crawford,Joan Hartigan,Margaret Molesworth,
1933,U.S. Open,Fred Perry,John H. Crawford,Helen Jacobs,Helen Wills Moody,
1933,Wimbledon,Jack Crawford,Ellsworth Vines,Helen Wills Moody,Dorothy Round,
1933,French Open,John Crawford,Henri Cochet,Margaret Scriven,Simone Mathieu,
1933,Australian Open,Jack Crawford,Keith Gledhill,Joan Hartigan,Coral Buttsworth,
1932,U.S. Open,H. Ellsworth Vines,Henri Cochet,Helen Jacobs,Carolin A. Babcock,
1932,Wimbledon,H. Ellsworth Vines,Henry Austin,Helen Wills Moody,Helen Jacobs,
1932,French Open,Henri Cochet,Giorgo de Stefani,Helen Wills Moody,Simone Mathieu,
1932,Australian Open,Jack Crawford,Harry Hopman,Coral Buttsworth,Katherine Le Messurier,
1931,U.S. Open,H. Ellsworth Vines,"George M. Lott, Jr.",Helen Wills Moody,Eileen Bennett Whitingstall,
1931,Wimbledon,S.B. Wood,Francis X. Shields,Cilly Aussem,Hilde Kranwinkel,
1931,French Open,Jean Borotra,Christian Boussus,Cilly Aussem,Betty Nuthall,
1931,Australian Open,Jack Crawford,Harry Hopman,Coral Buttsworth,Margorie Crawford,
1930,U.S. Open,John H. Doeg,Francis X. Shields,Betty Nuthall,Anna McCune Harper,
1930,Wimbledon,William T. Tilden,Wilmer Allison,Helen Wills Moody,Elizabeth Ryan,
1930,French Open,Henri Cochet,William Tilden,Helen Wills Moody,Helen Jacobs,
1930,Australian Open,Gar Moon,Harry Hopman,Daphne Akhurst,Sylvia Harper,
1929,U.S. Open,William T. Tilden,Francis T. Hunter,Helen Wills,Phoebe Holcroft Watson,
1929,Wimbledon,Henri Cochet,Jean Borotra,Helen Wills,Helen Jacobs,
1929,French Open,Rene Lacoste,Jean Borotra,Helen Wills,Simone Mathieu,
1929,Australian Open,John Gregory,Richard Schlesinger,Daphne Akhurst,Louise Bickerton,
1928,U.S. Open,Henri Cochet,Francis T. Hunter,Helen Wills,Helen J. Jacobs,
1928,Wimbledon,Rene Lacoste,Henri Cochet,Helen Wills,Lili de Alvarez,
1928,French Open,Henri Cochet,René Lacoste,Helen Wills,E. Bennett,
1928,Australian Open,Jean Borotra,R.Cummings,Daphne Akhurst,Esna Boyd,
1927,U.S. Open,Rene Lacoste,William T. Tilden,Helen Wills,Betty Nuthall,
1927,Wimbledon,Henri Cochet,Jean Borotra,Helen Wills,Lili de Alvarez,
1927,French Open,Rene Lacoste,William Tilden,Kornelia Bouman,Irene Peacock,
1927,Australian Open,Gerald Patterson,John Hawkes,Esna Boyd,Sylvia Harper,
1926,U.S. Open,Rene Lacoste,Jean Borotra,Molla B. Mallory,Elizabeth Ryan,
1926,Wimbledon,Jean Borotra,Howard Kinsey,Kathleen Godfree,Lili de Alvarez,
1926,French Open,Henri Cochet,René Lacoste,Suzanne Lenglen,Mary Browne,
1926,Australian Open,John Hawkes,Jim Willard,Daphne Akhurst,Esna Boyd,
1925,U.S. Open,William T. Tilden,William M. Johnston,Helen Wills,Kathleen McKane,
1925,Wimbledon,Rene Lacoste,Jean Borotra,Suzanne Lenglen,Joan Fry,
1925,French Open,Rene Lacoste,Jean Borotra,Suzanne Lenglen,Kathleen McKane,
1925,Australian Open,James Anderson,Gerald Patterson,Daphne Akhurst,Esna Boyd,
1924,U.S. Open,William T. Tilden,William M. Johnston,Helen Wills,Molla B. Mallory,
1924,Wimbledon,Jean Borotra,Rene Lacoste,Kathleen McKane,Helen Wills,
1924,French Open,Jean Borotra,René Lacoste,Diddie Vlasto,Jeanne Vaussard,
1924,Australian Open,James Anderson,Richard Schlesinger,Sylvia Lance,Esna Boyd,
1923,U.S. Open,William T. Tilden,William M. Johnston,Helen Wills,Molla B. Mallory,
1923,Wimbledon,William M. Johnston,Francis T. Hunter,Suzanne Lenglen,Kathleen McKane,
1923,French Open,Francois Blanchy,Max Decugis,Suzanne Lenglen,Germaine Golding,
1923,Australian Open,Pat O'Hara Wood,C.St.John,Margaret Molesworth,Esna Boyd,
1922,U.S. Open,William T. Tilden,William M. Johnston,Molla B. Mallory,Helen Wills,
1922,Wimbledon,Gerald Patterson,Randolph Lycett,Suzanne Lenglen,Molla Mallory,
1922,French Open,Henri Cochet,Jean Samazeuilh,Suzanne Lenglen,Germaine Golding,
1922,Australian Open,Pat O'Hara Wood,Gerald Patterson,Margaret Molesworth,Esna Boyd,
1921,U.S. Open,William T. Tilden,William M. Johnston,Molla B. Mallory,Mary K. Browne,
1921,Wimbledon,William T. Tilden,Brian Norton,Suzanne Lenglen,Elizabeth Ryan,
1921,French Open,Jean Samazeuilh,André Gobert,Suzanne Lenglen,Germaine Golding,
1921,Australian Open,Rhys Gemmell,A. Hedeman,,,
1920,U.S. Open,William T. Tilden,William M. Johnston,Molla B. Mallory,Marion Zinderstein,
1920,Wimbledon,William T. Tilden,Gerald Patterson,Suzanne Lenglen,Dorothea Douglass Chambers,
1920,French Open,Andre Gobert,Max Decugis,Suzanne Lenglen,Marguerite Broquedis,
1920,Australian Open,Pat O'Hara Wood,Ron Thomas,,,
1919,U.S. Open,William M. Johnston,William T. Tilden,Hazel Hotchkiss Wightman,Marion Zinderstein,
1919,Wimbledon,Gerald Patterson,Norman Brookes,Suzanne Lenglen,Dorothea Douglass Chambers,
1919,Australian Open,A.R.F. Kingscote,E. Pockley,,,
1918,U.S. Open,R. Lindley Murray,William T. Tilden,Molla Bjurstedt,Eleanor E. Goss,
1917,U.S. Open,R. Lindley Murray,Nathaniel W. Niles,Molla Bjurstedt,Marion Vanderhoef,
1916,U.S. Open,Richard N. Williams,William M. Johnston,Molla Bjurstedt,Louise Hammond Raymond,
1915,U.S. Open,William M. Johnston,Maurice E. McLoughlin,Molla Bjurstedt,Hazel Hotchkiss Wightman,
1915,Australian Open,Francis Lowe,Horace Rice,,,
1914,U.S. Open,Richard N. Williams,Maurice E. McLoughlin,Mary Browne,Marie Wagner,
1914,Wimbledon,Norman Brookes,Anthony Wilding,Lambert Chambers,Ethel Larcombe,
1914,French Open,Max Decugis,Jean Samazeuilh,Marguerite Broquedis,Suzanne Lenglen,
1914,Australian Open,Pat O'Hara Wood,Gerald Patterson,,,
1913,U.S. Open,Maurice E. McLoughlin,Richard N. Williams,Mary Browne,Dorothy Green,
1913,Wimbledon,Anthony Wilding,Maurice McLoughlin,Lambert Chambers,R. McNair,
1913,French Open,Max Decugis,Georges Gault,Marguerite Broquedis,Jeanne Matthey,
1913,Australian Open,E.F. Parker,Harry Parker,,,
1912,U.S. Open,Maurice E. McLoughlin,Wallace F. Johnson,Mary Browne,Eleonora Sears,
1912,Wimbledon,Anthony Wilding,Arthur Gore,Ethel Larcombe,Charlotte Cooper Sterry,
1912,French Open,Max Decugis,André Gobert,Jeanne Matthey,Marie Daney,
1912,Australian Open,Cecil Parke,A. Beamish,,,
1911,U.S. Open,William A. Larned,Maurice E. McLoughlin,Hazel Hotchkiss,Florence Sutton,
1911,Wimbledon,Anthony Wilding,H. Roper Barrett,Lambert Chambers,Dora Boothby,
1911,French Open,Andre Gobert,Maurice Germot,Jeanne Matthey,Marguerite Broquedis,
1911,Australian Open,Norman Brookes,Horace Rice,,,
1910,U.S. Open,William A. Larned,Thomas C. Bundy,Hazel Hotchkiss,Louise Hammond,
1910,Wimbledon,Anthony Wilding,Arthur Gore,Lambert Chambers,Dora Boothby,
1910,French Open,Maurice Germot,François Blanchy,Jeanne Matthey,Marguerite Broquedis,
1910,Australian Open,Rodney Heath,Horace Rice,,,
1909,U.S. Open,William A. Larned,William J. Clothier,Hazel Hotchkiss,Maud Barger-Wallach,
1909,Wimbledon,Arthur Gore,M.J.G. Ritchie,Dora Boothby,A. Morton,
1909,French Open,Max Decugis,Maurice Germot,Jeanne Matthey,Gallay,
1909,Australian Open,Tony Wilding,Ernie Parker,,,
1908,U.S. Open,William A. Larned,Beals C. Wright,Maud Barger Wallach,Evelyn Sears,
1908,Wimbledon,Arthur Gore,Roper Barrett,Charlotte Cooper Sterry,A. Morton,
1908,French Open,Max Decugis,Maurice Germot,Kate Gillou Fenwick,A. Pean,
1908,Australian Open,Fred Alexander,Alfred Dunlop,,,
1907,U.S. Open,William A. Larned,Robert LeRoy,Evelyn Sears,Carrie Neely,
1907,Wimbledon,Norman Brookes,Arthur Gore,May Sutton,Dorothea Douglass Chambers,
1907,French Open,Max Decugis,Robert Wallet,Comtesse de Kermel,D. Elva,
1907,Australian Open,Horace Rice,Harry Parker,,,
1906,U.S. Open,William A. Larned,Beals C. Wright,Helen Homans,Maud Barger-Wallach,
1906,Wimbledon,Laurie Doherty,Frank Riseley,Dorothea Douglass,May Sutton,
1906,French Open,Maurice Germot,Max Decugis,Kate Gillou Fenwick,MacVeagh,
1906,Australian Open,Tony Wilding,Harry Parker,,,
1905,U.S. Open,Beals C. Wright,Holcombe Ward,Elisabeth Moore,Helen Homans,
1905,Wimbledon,Laurie Doherty,Norman Brookes,May Sutton,Dorothea Douglass,
1905,French Open,Maurice Germot,André Vacherot,Kate Gillou,Y. De Pfoeffel,
1905,Australian Open,Rodney Heath,A. Curtis,,,
1904,U.S. Open,Holcombe Ward,William J. Clothier,May Sutton,Elisabeth Moore,
1904,Wimbledon,Laurie Doherty,Frank Riseley,Dorothea Douglass,Charlotte Cooper Sterry,
1904,French Open,Max Decugis,André Vacherot,Kate Gillou,Adine Masson,
1903,U.S. Open,Hugh L. Doherty,William A. Larned,Elisabeth Moore,Marion Jones,
1903,Wimbledon,Laurie Doherty,Frank Riseley,Dorothea Douglass,E. Thomson,
1903,French Open,Max Decugis,André Vacherot,F. Masson,Katie Gillou,
1902,U.S. Open,William A. Larned,Reginald F. Doherty,Marion Jones,Elisabeth Moore,
1902,Wimbledon,Laurie Doherty,Arthur Gore,Muriel Robb,Charlotte Cooper Sterry,
1902,French Open,M. Vacherot,Max Decugis,F. Masson,P. Girod,
1901,U.S. Open,William A. Larned,Beals C. Wright,Elisabeth Moore,Myrtle McAteer,
1901,Wimbledon,Arthur Gore,Reggie Doherty,Charlotte Cooper Sterry,Blanche Bingley Hillyard,
1901,French Open,Andre Vacherot,P. Lebreton,P. Girod,Leroux,
1900,U.S. Open,Malcolm D. Whitman,William A. Larned,Myrtle McAteer,Edith Parker,
1900,Wimbledon,Reggie Doherty,Sidney Smith,Blanche Bingley Hillyard,Charlotte Cooper,
1900,French Open,Paul Ayme,A. Prévost,Y. Prevost,xxx,
1899,U.S. Open,Malcolm D. Whitman,J. Parmly Paret,Marion Jones,Maud Banks,
1899,Wimbledon,Reggie Doherty,Arthur Gore,Blanche Bingley Hillyard,Charlotte Cooper,
1899,French Open,Paul Ayme,P. Lebreton,Francoise Masson,xxx,
1898,U.S. Open,Malcolm D. Whitman,Dwight F. Davis,Juliette Atkinson,Marion Jones,
1898,Wimbledon,Reggie Doherty,Laurie Doherty,Charlotte Cooper,L. Martin,
1898,French Open,Paul Ayme,P. Lebreton,Francoise Masson,xxx,
1897,U.S. Open,Robert D. Wrenn,Wilberforce Eaves,Juliette Atkinson,Elisabeth Moore,
1897,Wimbledon,Reggie Doherty,Harold Mahoney,Blanche Bingley Hillyard,Charlotte Cooper,
1897,French Open,Paul Ayme,F. Wardan,Francoise Masson,P. Girod,
1896,U.S. Open,Robert D. Wrenn,Fred H. Hovey,Elisabeth Moore,Juliette Atkinson,
1896,Wimbledon,Harold Mahoney,Wilfred Baddeley,Charlotte Cooper,W. H. Pickering,
1896,French Open,Andre Vacherot,G. Brosselin,,,
1895,U.S. Open,Fred H. Hovey,Robert D. Wrenn,Juliette Atkinson,Helen Hellwig,
1895,Wimbledon,Wilfred Baddeley,Wilberforce Eaves,Charlotte Cooper,H. Jackson,
1895,French Open,Andre Vacherot,L. Riboulet,,,
1894,U.S. Open,Robert D. Wrenn,Manliff Goodbody,Helen Hellwig,Aline Terry,
1894,Wimbledon,Joshua Pim,Wilfred Baddeley,Blanche Bingley Hillyard,E. Austin,
1894,French Open,Andre Vacherot,G. Brosselin,,,
1893,U.S. Open,Robert D. Wrenn,Fred H. Hovey,Aline Terry,Augusta Schultz,
1893,Wimbledon,Joshua Pim,Wilfred Baddeley,Lottie Dod,Blanche Bingley Hillyard,
1893,French Open,L. Riboulet,J. Schopfer,,,
1892,U.S. Open,Oliver S. Campbell,Fred H. Hovey,Mabel Cahill,Elisabeth Moore,
1892,Wimbledon,Wilfred Baddeley,Joshua Pim,Lottie Dod,Blanche Bingley Hillyard,
1892,French Open,J. Schopfer,Fassitt,,,
1891,U.S. Open,Oliver S. Campbell,Clarence Hobart,Mabel Cahill,Ellen C Roosevelt,
1891,Wimbledon,Wilfred Baddeley,Joshua Pim,Lottie Dod,Blanche Bingley Hillyard,
1891,French Open,H. Briggs,P. Baigneres,,,
1890,U.S. Open,Oliver S. Campbell,"Henry W. Slocum, Jr.",Ellen C. Roosevelt,Bertha L. Townsend,
1890,Wimbledon,William Hamilton,William Renshaw,Lena Rice,M. Jacks,
1889,U.S. Open,Henry W. Slocum Jr.,Quincy Shaw,Bertha L. Townsend,Lida D. Voorhes,
1889,Wimbledon,William Renshaw,Ernest Renshaw,Blanche Bingley Hillyard,Lena Rice,
1888,U.S. Open,Henry W. Slocum Jr.,Howard A. Taylor,Bertha L. Townsend,Ellen Hansell,
1888,Wimbledon,Ernest Renshaw,Herbert Lawford,Lottie Dod,Blanche Bingley Hillyard,
1887,U.S. Open,Richard D. Sears,"Henry W. Slocum, Jr.",Ellen Hansell,Laura Knight,
1887,Wimbledon,Herbert Lawford,Ernest Renshaw,Lottie Dod,Blanche Bingley,
1886,U.S. Open,Richard D. Sears,R. Livingston Beeckman,,,
1886,Wimbledon,William Renshaw,Herbert Lawford,Blanche Bingley,Maud Watson,
1885,U.S. Open,Richard D. Sears,Godfrey M. Brinley,,,
1885,Wimbledon,William Renshaw,Herbert Lawford,Maud Watson,Blanche Bingley,
1884,U.S. Open,Richard D. Sears,Howard A. Taylor,,,
1884,Wimbledon,William Renshaw,Herbert Lawford,Maud Watson,Lillian Watson,
1883,U.S. Open,Richard D. Sears,James Dwight,,,
1883,Wimbledon,William Renshaw,Ernest Renshaw,,,
1882,U.S. Open,Richard D. Sears,Clarence M. Clark,,,
1882,Wimbledon,William Renshaw,Ernest Renshaw,,,
1881,U.S. Open,Richard D. Sears,William E. Glyn,,,
1881,Wimbledon,William Renshaw,John Hartley,,,
1880,Wimbledon,John Hartley,Herbert Lawford,,,
1879,Wimbledon,John Hartley,V. St. Leger Gould,,,
1878,Wimbledon,Frank Hadow,Spencer Gore,,,
1877,Wimbledon,Spencer Gore,William Marshall,,,