Data,Year,Number of Sports Teams,FBS Conference,Total Expenses,Total Revenues,Total Football Spending,Athletics Related Debt
Arizona State,2005,,Pacific-12 Conference,39749018,"$41,334,126 ","$10,584,738 ","$35,000,000 "
Arizona State,2006,,Pacific-12 Conference,48897603,"$50,268,561 ","$14,631,191 ","$35,600,000 "
Arizona State,2007,,Pacific-12 Conference,54832410,"$54,735,433 ","$18,702,358 ",
Arizona State,2008,,Pacific-12 Conference,54296003,"$54,833,194 ","$18,515,792 ","$43,956,430 "
Arizona State,2009,,Pacific-12 Conference,53032149,"$51,892,026 ","$17,278,227 ","$35,462,000 "
Arizona State,2010,,Pacific-12 Conference,57905546,"$56,505,165 ","$18,084,699 ","$36,133,000 "
Arizona State,2011,,Pacific-12 Conference,57080884,"$55,294,113 ","$16,608,509 ","$32,994,000 "
Arizona State,2012,,Pacific-12 Conference,65587903,"$59,855,508 ","$24,541,562 ","$29,734,000 "
Arizona State,2013,,Pacific-12 Conference,65600187,"$65,673,955 ","$23,582,003 ","$32,305,000 "
Arizona State,2014,,Pacific-12 Conference,74553104,"$74,729,269 ","$27,869,848 ","$29,930,000 "
Arizona State,2015,,Pacific-12 Conference,83873516,"$84,440,040 ","$27,569,960 ","$83,075,000 "
Arizona State,2016,,Pacific-12 Conference,89086777,"$94,662,743 ","$27,084,029 ","$150,359,000 "
Arizona State,2017,,Pacific-12 Conference,98825395,"$101,579,860 ","$31,724,820 ","$211,774,000 "
Arizona State,2018,,Pacific-12 Conference,126782387,"$113,636,755 ","$52,816,903 ","$209,565,000 "
Arizona State,2019,,Pacific-12 Conference,118404377,"$121,698,840 ","$31,977,970 ","$207,171,000 "
Arizona State,2020,,Pacific-12 Conference,117912821,"$106,989,879 ","$40,701,748 ","$205,406,000 "
Arizona State,2021,,Pacific-12 Conference,103772499,"$117,675,310 ","$26,093,543 ","$245,181,000 "
Arizona State,2022,,Pacific-12 Conference,124008192,"$121,079,615 ","$39,264,216 ","$318,762,000 "
Arizona State,2023,26,Pacific-12 Conference,141717696,"$114,507,872 ","$47,449,451 ","$312,890,623 "
Auburn,2005,,Southeastern Conference,61314114,"$57,395,152 ","$20,171,530 ","$65,091,371 "
Auburn,2006,,Southeastern Conference,63249119,"$66,599,925 ","$18,197,817 ","$61,524,429 "
Auburn,2007,,Southeastern Conference,68910465,"$81,799,266 ","$22,953,259 ","$58,846,526 "
Auburn,2008,,Southeastern Conference,69841200,"$89,311,824 ","$23,177,807 ","$54,029,086 "
Auburn,2009,,Southeastern Conference,85480343,"$87,001,413 ","$28,801,870 ","$115,759,125 "
Auburn,2010,,Southeastern Conference,90908902,"$92,611,558 ","$27,911,717 ","$109,977,105 "
Auburn,2011,,Southeastern Conference,100497784,"$103,982,441 ","$39,069,675 ","$106,073,955 "
Auburn,2012,,Southeastern Conference,96315831,"$105,951,251 ",$0 ,"$79,199,650 "
Auburn,2013,,Southeastern Conference,103126413,"$103,680,609 ","$36,306,282 ","$108,778,201 "
Auburn,2014,,Southeastern Conference,126470602,"$113,716,004 ","$49,639,258 ","$109,408,700 "
Auburn,2015,,Southeastern Conference,115498047,"$124,657,247 ","$39,577,350 ","$100,185,273 "
Auburn,2016,,Southeastern Conference,124864399,"$140,070,593 ","$41,896,340 ","$95,854,212 "
Auburn,2017,,Southeastern Conference,132885979,"$147,511,034 ","$42,868,770 ","$96,161,153 "
Auburn,2018,,Southeastern Conference,139798191,"$147,620,569 ","$44,380,720 ","$91,755,369 "
Auburn,2019,,Southeastern Conference,139260711,"$152,455,416 ","$47,846,261 ","$87,325,197 "
Auburn,2020,,Southeastern Conference,135816431,"$153,703,749 ","$45,953,518 ","$82,244,366 "
Auburn,2021,,Southeastern Conference,133289885,"$123,546,999 ","$51,651,240 ","$78,066,088 "
Auburn,2022,,Southeastern Conference,151590763,"$174,568,442 ","$52,254,829 ","$164,871,604 "
Auburn,2023,21,Southeastern Conference,192030692,"$195,301,922 ","$71,107,903 ","$159,705,459 "
Clemson,2005,,Atlantic Coast Conference,39977199,"$40,445,377 ",,
Clemson,2006,,Atlantic Coast Conference,46863188,"$46,430,106 ","$13,376,672 ","$37,685,000 "
Clemson,2007,,Atlantic Coast Conference,54249905,"$56,028,881 ","$13,880,931 ","$36,465,000 "
Clemson,2008,,Atlantic Coast Conference,60050712,"$59,180,652 ","$15,678,243 ",
Clemson,2009,,Atlantic Coast Conference,61972760,"$61,416,494 ","$19,387,978 ","$33,410,000 "
Clemson,2010,,Atlantic Coast Conference,56780518,"$57,562,999 ","$18,114,200 ","$31,770,000 "
Clemson,2011,,Atlantic Coast Conference,58367884,"$61,174,977 ","$17,992,943 ","$30,045,000 "
Clemson,2012,,Atlantic Coast Conference,67783797,"$70,002,280 ",$0 ,"$25,600,000 "
Clemson,2013,,Atlantic Coast Conference,67091087,"$69,061,398 ","$22,339,679 ","$24,150,000 "
Clemson,2014,,Atlantic Coast Conference,73456221,"$74,793,322 ","$26,976,828 ","$22,680,000 "
Clemson,2015,,Atlantic Coast Conference,82855674,"$83,534,371 ","$29,025,294 ","$118,875,000 "
Clemson,2016,,Atlantic Coast Conference,103059980,"$104,823,057 ","$40,877,050 ","$134,450,000 "
Clemson,2017,,Atlantic Coast Conference,111126235,"$112,600,964 ","$43,921,242 ","$130,605,000 "
Clemson,2018,,Atlantic Coast Conference,118847123,"$120,532,975 ","$46,283,756 ","$137,900,000 "
Clemson,2019,,Atlantic Coast Conference,131978513,"$133,861,515 ","$55,734,030 ","$133,730,000 "
Clemson,2020,,Atlantic Coast Conference,131781294,"$129,949,014 ","$55,990,849 ","$129,385,000 "
Clemson,2021,,Atlantic Coast Conference,117413403,"$123,132,804 ","$47,981,806 ","$124,850,000 "
Clemson,2022,,Atlantic Coast Conference,143356820,"$158,283,618 ","$54,915,721 ","$191,130,000 "
Clemson,2023,20,Atlantic Coast Conference,174276658,"$195,984,260 ","$66,770,955 ","$176,885,000 "
Florida State,2005,,Atlantic Coast Conference,56412748,"$56,576,933 ","$11,788,546 ","$75,000,000 "
Florida State,2006,,Atlantic Coast Conference,59512089,"$67,012,792 ","$12,176,838 ","$71,625,000 "
Florida State,2007,,Atlantic Coast Conference,67843586,"$77,257,845 ","$13,976,879 ",
Florida State,2008,,Atlantic Coast Conference,65583105,"$73,458,494 ","$14,746,453 ","$86,330,000 "
Florida State,2009,,Atlantic Coast Conference,78528151,"$74,417,324 ","$16,706,311 ",$0 
Florida State,2010,,Atlantic Coast Conference,75209181,"$74,402,269 ","$16,345,377 ",$0 
Florida State,2011,,Atlantic Coast Conference,86949804,"$78,575,788 ","$18,689,809 ",$0 
Florida State,2012,,Atlantic Coast Conference,90278878,"$100,049,444 ","$22,052,228 ",$0 
Florida State,2013,,Atlantic Coast Conference,84772759,"$91,382,441 ","$23,427,950 ",$0 
Florida State,2014,,Atlantic Coast Conference,98866182,"$104,774,474 ","$32,856,508 ",$0 
Florida State,2015,,Atlantic Coast Conference,111386681,"$120,822,522 ","$31,689,962 ","$67,145,000 "
Florida State,2016,,Atlantic Coast Conference,115631800,"$113,754,314 ","$42,457,101 ","$162,038,230 "
Florida State,2017,,Atlantic Coast Conference,156551818,"$144,514,413 ","$49,787,657 ","$166,765,000 "
Florida State,2018,,Atlantic Coast Conference,158375459,"$168,177,850 ","$57,509,044 ","$201,907,250 "
Florida State,2019,,Atlantic Coast Conference,150147316,"$152,757,883 ","$47,472,432 ","$21,496,402 "
Florida State,2020,,Atlantic Coast Conference,155656855,"$129,481,351 ","$67,663,922 ","$17,018,563 "
Florida State,2021,,Atlantic Coast Conference,121923106,"$129,743,001 ","$36,751,494 ","$192,284,194 "
Florida State,2022,,Atlantic Coast Conference,150777734,"$161,141,884 ","$54,558,109 ","$135,743,852 "
Florida State,2023,20,Atlantic Coast Conference,172130700,"$169,558,790 ","$75,646,762 ","$127,910,900 "
Georgia Tech,2005,,Atlantic Coast Conference,40942114,"$43,153,707 ","$12,847,465 ",
Georgia Tech,2006,,Atlantic Coast Conference,48696486,"$45,529,338 ","$10,430,643 ","$108,949,721 "
Georgia Tech,2007,,Atlantic Coast Conference,49725966,"$51,647,705 ","$17,283,685 ",
Georgia Tech,2008,,Atlantic Coast Conference,54800099,"$54,511,968 ","$13,958,597 ",
Georgia Tech,2009,,Atlantic Coast Conference,56026127,"$55,560,702 ","$16,128,865 ","$121,928,457 "
Georgia Tech,2010,,Atlantic Coast Conference,55221082,"$55,359,742 ","$16,419,024 ","$123,144,426 "
Georgia Tech,2011,,Atlantic Coast Conference,55065262,"$54,354,409 ","$14,323,303 ","$183,434,989 "
Georgia Tech,2012,,Atlantic Coast Conference,61179789,"$63,184,163 ","$17,121,071 ","$224,528,744 "
Georgia Tech,2013,,Atlantic Coast Conference,63630961,"$61,780,812 ","$19,713,773 ","$223,014,281 "
Georgia Tech,2014,,Atlantic Coast Conference,68818267,"$68,469,538 ","$18,992,117 ","$228,680,026 "
Georgia Tech,2015,,Atlantic Coast Conference,74979077,"$77,202,758 ","$18,041,532 ","$226,205,768 "
Georgia Tech,2016,,Atlantic Coast Conference,76301805,"$76,409,293 ","$17,592,435 ","$226,289,124 "
Georgia Tech,2017,,Atlantic Coast Conference,84852123,"$81,762,024 ","$22,366,948 ","$226,134,879 "
Georgia Tech,2018,,Atlantic Coast Conference,88517077,"$91,647,068 ","$25,306,907 ","$223,244,304 "
Georgia Tech,2019,,Atlantic Coast Conference,96334831,"$85,802,112 ","$31,058,130 ","$231,142,750 "
Georgia Tech,2020,,Atlantic Coast Conference,96137132,"$86,435,447 ","$27,200,382 ","$381,508,519 "
Georgia Tech,2021,,Atlantic Coast Conference,85999316,"$86,198,858 ","$19,854,441 ","$269,157,229 "
Georgia Tech,2022,,Atlantic Coast Conference,104719581,"$106,635,094 ","$26,494,520 ","$277,723,458 "
Georgia Tech,2023,17,Atlantic Coast Conference,132273817,"$133,771,921 ","$35,427,186 ","$285,200,253 "
Indiana,2005,,Big Ten Conference,38805232,"$37,968,912 ","$10,291,799 ",$0 
Indiana,2006,,Big Ten Conference,41434508,"$41,508,845 ","$10,821,156 ",$0 
Indiana,2007,,Big Ten Conference,43212993,"$46,425,225 ","$10,499,371 ",$0 
Indiana,2008,,Big Ten Conference,50920826,"$57,155,333 ","$12,636,044 ","$42,986,000 "
Indiana,2009,,Big Ten Conference,55652636,"$61,136,237 ","$11,947,990 ","$41,658,000 "
Indiana,2010,,Big Ten Conference,65796415,"$69,287,811 ","$12,934,511 ","$40,260,000 "
Indiana,2011,,Big Ten Conference,69314511,"$71,017,355 ","$16,264,177 ","$38,792,000 "
Indiana,2012,,Big Ten Conference,69915060,"$72,973,954 ","$16,156,689 ","$54,227,000 "
Indiana,2013,,Big Ten Conference,72597053,"$76,660,265 ","$16,063,409 ","$52,123,117 "
Indiana,2014,,Big Ten Conference,80386732,"$84,668,779 ","$17,829,682 ","$49,906,649 "
Indiana,2015,,Big Ten Conference,88330530,"$88,362,421 ","$18,208,699 ","$77,090,920 "
Indiana,2016,,Big Ten Conference,94190256,"$95,216,762 ","$24,430,110 ","$73,736,822 "
Indiana,2017,,Big Ten Conference,106131819,"$106,139,192 ","$26,003,418 ","$118,230,000 "
Indiana,2018,,Big Ten Conference,116277652,"$122,933,136 ","$24,519,779 ","$129,563,279 "
Indiana,2019,,Big Ten Conference,114822135,"$127,832,628 ","$24,377,368 ","$134,554,396 "
Indiana,2020,,Big Ten Conference,120289560,"$121,181,042 ","$29,551,780 ","$121,158,669 "
Indiana,2021,,Big Ten Conference,102582541,"$78,083,857 ","$23,938,872 ","$115,358,300 "
Indiana,2022,,Big Ten Conference,132392596,"$166,761,471 ","$31,835,580 ","$109,050,000 "
Indiana,2023,24,Big Ten Conference,139087323,"$144,706,586 ","$34,163,990 ","$103,424,579 "
Iowa State,2005,,Big 12 Conference,28227582,"$28,913,010 ","$7,160,617 ","$6,000,000 "
Iowa State,2006,,Big 12 Conference,33341962,"$32,437,040 ","$9,032,493 ","$9,702,215 "
Iowa State,2007,,Big 12 Conference,42123353,"$32,675,181 ","$11,447,581 ",
Iowa State,2008,,Big 12 Conference,38642012,"$38,621,346 ","$9,833,299 ","$29,465,130 "
Iowa State,2009,,Big 12 Conference,45768048,"$45,813,189 ","$14,404,273 ","$32,290,951 "
Iowa State,2010,,Big 12 Conference,46656014,"$46,871,554 ","$13,368,441 ","$43,482,525 "
Iowa State,2011,,Big 12 Conference,48469929,"$48,591,617 ","$12,513,317 ","$45,451,358 "
Iowa State,2012,,Big 12 Conference,55113720,"$55,151,017 ",$0 ,"$74,058,940 "
Iowa State,2013,,Big 12 Conference,62224194,"$62,357,761 ","$14,984,496 ","$71,809,129 "
Iowa State,2014,,Big 12 Conference,67967712,"$68,170,381 ","$14,461,262 ","$68,354,076 "
Iowa State,2015,,Big 12 Conference,75209309,"$75,283,516 ","$15,420,582 ","$98,162,322 "
Iowa State,2016,,Big 12 Conference,78279309,"$78,355,500 ","$22,764,523 ","$94,374,357 "
Iowa State,2017,,Big 12 Conference,82565176,"$82,659,447 ","$20,352,821 ","$87,571,532 "
Iowa State,2018,,Big 12 Conference,88670048,"$88,753,664 ","$23,844,836 ","$79,277,866 "
Iowa State,2019,,Big 12 Conference,95315376,"$95,411,884 ","$27,246,224 ","$75,272,301 "
Iowa State,2020,,Big 12 Conference,90285606,"$90,326,274 ","$29,708,542 ","$136,063,647 "
Iowa State,2021,,Big 12 Conference,89008720,"$72,046,100 ","$24,085,630 ","$131,785,149 "
Iowa State,2022,,Big 12 Conference,111227458,"$111,287,492 ","$28,664,216 ","$126,027,057 "
Iowa State,2023,18,Big 12 Conference,115523596,"$115,584,170 ","$27,779,324 ","$114,262,531 "
Kansas State,2005,,Big 12 Conference,34394621,"$39,884,219 ","$8,466,373 ","$15,302,029 "
Kansas State,2006,,Big 12 Conference,34834467,"$43,411,343 ","$8,971,751 ","$14,974,189 "
Kansas State,2007,,Big 12 Conference,40548866,"$49,277,378 ","$10,209,079 ","$14,029,189 "
Kansas State,2008,,Big 12 Conference,41362747,"$49,113,706 ","$10,393,954 ","$12,712,489 "
Kansas State,2009,,Big 12 Conference,51237044,"$48,417,050 ","$14,019,451 ","$11,360,889 "
Kansas State,2010,,Big 12 Conference,42337682,"$53,436,790 ","$11,307,556 ","$16,899,100 "
Kansas State,2011,,Big 12 Conference,46549248,"$69,947,834 ","$13,008,132 ","$27,205,889 "
Kansas State,2012,,Big 12 Conference,50994785,"$63,271,615 ","$13,654,480 ","$78,960,889 "
Kansas State,2013,,Big 12 Conference,59325573,"$70,457,283 ","$15,973,141 ","$80,735,000 "
Kansas State,2014,,Big 12 Conference,62576606,"$72,935,044 ","$16,250,969 ","$78,960,889 "
Kansas State,2015,,Big 12 Conference,67316209,"$75,323,278 ","$16,062,328 ","$77,530,000 "
Kansas State,2016,,Big 12 Conference,70884496,"$77,936,664 ","$17,796,347 ","$75,822,515 "
Kansas State,2017,,Big 12 Conference,73970354,"$86,081,528 ","$19,920,373 ","$72,186,979 "
Kansas State,2018,,Big 12 Conference,77633258,"$86,911,309 ","$19,996,794 ","$67,317,749 "
Kansas State,2019,,Big 12 Conference,83079244,"$89,919,822 ","$28,123,254 ","$64,674,689 "
Kansas State,2020,,Big 12 Conference,79785896,"$86,441,107 ","$27,385,808 ","$61,790,444 "
Kansas State,2021,,Big 12 Conference,87729711,"$67,602,026 ","$17,527,638 ","$60,047,626 "
Kansas State,2022,,Big 12 Conference,82220606,"$100,822,204 ","$24,148,400 ","$59,072,982 "
Kansas State,2023,16,Big 12 Conference,95281944,"$102,332,761 ","$27,667,208 ","$102,701,566 "
LSU,2005,,Southeastern Conference,55857396,"$60,937,676 ","$12,175,610 ",
LSU,2006,,Southeastern Conference,65215990,"$67,430,786 ","$15,498,730 ",
LSU,2007,,Southeastern Conference,73232219,"$76,270,050 ","$16,783,489 ",
LSU,2008,,Southeastern Conference,81150829,"$85,018,205 ","$18,525,028 ","$217,567,836 "
LSU,2009,,Southeastern Conference,94451691,"$100,878,633 ","$22,919,545 ","$211,098,500 "
LSU,2010,,Southeastern Conference,102326769,"$111,030,795 ","$25,528,809 ","$206,892,600 "
LSU,2011,,Southeastern Conference,91796925,"$107,259,352 ","$22,069,946 ","$201,998,800 "
LSU,2012,,Southeastern Conference,101989116,"$114,787,786 ","$24,671,982 ","$196,772,100 "
LSU,2013,,Southeastern Conference,105312018,"$117,457,398 ","$25,822,228 ","$197,214,131 "
LSU,2014,,Southeastern Conference,122945710,"$133,679,256 ","$38,490,225 ","$193,334,531 "
LSU,2015,,Southeastern Conference,126632377,"$138,642,237 ","$28,208,608 ","$67,663,300 "
LSU,2016,,Southeastern Conference,123952910,"$141,651,460 ","$30,530,660 ","$270,310,626 "
LSU,2017,,Southeastern Conference,139139017,"$147,744,233 ","$30,086,567 ","$255,413,311 "
LSU,2018,,Southeastern Conference,145351316,"$145,422,796 ","$31,561,996 ","$242,716,239 "
LSU,2019,,Southeastern Conference,157925522,"$157,787,782 ","$35,319,160 ","$229,810,405 "
LSU,2020,,Southeastern Conference,164026005,"$160,433,475 ","$41,403,966 ","$216,583,834 "
LSU,2021,,Southeastern Conference,131855613,"$121,893,544 ","$30,822,136 ","$203,488,748 "
LSU,2022,,Southeastern Conference,197365660,"$199,309,382 ","$59,384,456 ","$194,180,732 "
LSU,2023,21,Southeastern Conference,204351239,"$200,476,979 ","$51,594,352 ","$180,255,092 "
Michigan State,2005,,Big Ten Conference,58340854,"$62,170,147 ","$13,733,699 ","$79,978,200 "
Michigan State,2006,,Big Ten Conference,70218402,"$68,397,132 ","$15,910,445 ","$94,800,000 "
Michigan State,2007,,Big Ten Conference,73696382,"$76,953,708 ","$22,496,400 ","$91,124,976 "
Michigan State,2008,,Big Ten Conference,83444368,"$81,390,686 ","$25,486,607 ",
Michigan State,2009,,Big Ten Conference,81404459,"$79,344,333 ","$21,261,261 ","$92,539,257 "
Michigan State,2010,,Big Ten Conference,78162447,"$83,545,892 ","$20,319,519 ","$87,604,636 "
Michigan State,2011,,Big Ten Conference,84004229,"$84,510,199 ","$19,034,408 ","$121,500,000 "
Michigan State,2012,,Big Ten Conference,88100432,"$93,946,707 ","$20,469,348 ","$116,031,974 "
Michigan State,2013,,Big Ten Conference,93743529,"$97,942,726 ","$22,778,431 ","$82,200,000 "
Michigan State,2014,,Big Ten Conference,107422832,"$104,677,456 ","$34,504,088 ","$85,600,000 "
Michigan State,2015,,Big Ten Conference,108283151,"$108,687,274 ","$33,703,851 ","$89,554,000 "
Michigan State,2016,,Big Ten Conference,121892394,"$123,034,495 ","$36,896,168 ","$90,742,000 "
Michigan State,2017,,Big Ten Conference,117506272,"$126,021,377 ","$29,910,359 ","$90,735,854 "
Michigan State,2018,,Big Ten Conference,137416056,"$145,640,289 ","$38,055,535 ","$89,726,393 "
Michigan State,2019,,Big Ten Conference,135655740,"$140,010,865 ","$37,310,953 ","$82,150,666 "
Michigan State,2020,,Big Ten Conference,148453353,"$130,636,629 ","$48,899,016 ","$75,581,515 "
Michigan State,2021,,Big Ten Conference,104951574,"$89,529,295 ","$28,259,575 ","$72,366,391 "
Michigan State,2022,,Big Ten Conference,156449795,"$172,799,513 ","$51,227,199 ","$64,689,178 "
Michigan State,2023,23,Big Ten Conference,181850581,"$170,654,025 ","$53,502,288 ","$68,685,154 "
Mississippi State,2005,,Southeastern Conference,25273465,"$25,502,594 ","$7,097,439 ","$20,000,000 "
Mississippi State,2006,,Southeastern Conference,25796264,"$25,838,681 ","$7,185,069 ","$26,664,045 "
Mississippi State,2007,,Southeastern Conference,27542758,"$27,549,532 ","$7,239,780 ","$25,567,347 "
Mississippi State,2008,,Southeastern Conference,30432972,"$30,440,090 ","$9,613,003 ","$24,174,520 "
Mississippi State,2009,,Southeastern Conference,36703582,"$36,772,199 ","$12,858,662 ","$27,995,000 "
Mississippi State,2010,,Southeastern Conference,36265186,"$38,127,591 ","$9,951,097 ","$27,168,761 "
Mississippi State,2011,,Southeastern Conference,51588743,"$58,981,769 ","$11,766,024 ","$24,820,008 "
Mississippi State,2012,,Southeastern Conference,67926160,"$69,828,880 ","$13,594,454 ","$30,713,318 "
Mississippi State,2013,,Southeastern Conference,57362224,"$62,764,025 ","$15,279,070 ","$21,728,735 "
Mississippi State,2014,,Southeastern Conference,54388802,"$62,275,111 ","$15,308,001 ","$80,773,541 "
Mississippi State,2015,,Southeastern Conference,69493395,"$75,400,407 ","$17,213,522 ","$88,985,979 "
Mississippi State,2016,,Southeastern Conference,87641937,"$94,903,405 ","$22,311,861 ","$87,027,473 "
Mississippi State,2017,,Southeastern Conference,88138943,"$100,062,237 ","$23,069,815 ","$114,306,972 "
Mississippi State,2018,,Southeastern Conference,93573141,"$103,858,865 ","$23,226,169 ","$110,940,594 "
Mississippi State,2019,,Southeastern Conference,104198109,"$112,273,809 ","$24,026,196 ","$107,433,576 "
Mississippi State,2020,,Southeastern Conference,108174698,"$109,973,682 ","$30,506,616 ","$103,287,527 "
Mississippi State,2021,,Southeastern Conference,96298830,"$112,890,415 ","$22,941,019 ","$98,040,661 "
Mississippi State,2022,,Southeastern Conference,108477381,"$110,653,367 ","$29,095,668 ","$95,850,568 "
Mississippi State,2023,18,Southeastern Conference,126239126,"$115,664,788 ","$32,951,736 ","$101,922,458 "
North Carolina State,2005,,Atlantic Coast Conference,37048794,"$35,793,670 ","$6,851,208 ","$19,252,533 "
North Carolina State,2006,,Atlantic Coast Conference,42463462,"$45,836,095 ","$9,888,391 ","$18,431,778 "
North Carolina State,2007,,Atlantic Coast Conference,43294143,"$47,830,440 ","$12,555,591 ","$33,110,307 "
North Carolina State,2008,,Atlantic Coast Conference,43892285,"$45,632,223 ","$13,501,418 ","$41,859,894 "
North Carolina State,2009,,Atlantic Coast Conference,48349169,"$50,586,947 ","$14,426,843 ",
North Carolina State,2010,,Atlantic Coast Conference,45880314,"$49,459,002 ","$13,267,296 ","$37,825,837 "
North Carolina State,2011,,Atlantic Coast Conference,50560564,"$51,076,345 ","$15,031,661 ","$36,044,920 "
North Carolina State,2012,,Atlantic Coast Conference,56332313,"$59,757,911 ","$15,463,582 ","$46,092,801 "
North Carolina State,2013,,Atlantic Coast Conference,63137393,"$67,481,639 ","$18,055,244 ","$44,427,191 "
North Carolina State,2014,,Atlantic Coast Conference,63958569,"$70,500,811 ","$19,030,914 ","$41,356,936 "
North Carolina State,2015,,Atlantic Coast Conference,73074396,"$76,834,603 ","$20,233,959 ","$36,159,049 "
North Carolina State,2016,,Atlantic Coast Conference,79905724,"$80,225,029 ","$22,610,480 ","$32,861,068 "
North Carolina State,2017,,Atlantic Coast Conference,86924779,"$83,741,572 ","$24,249,898 ","$29,404,590 "
North Carolina State,2018,,Atlantic Coast Conference,86756449,"$87,976,532 ","$23,852,213 ","$27,196,974 "
North Carolina State,2019,,Atlantic Coast Conference,90100025,"$92,724,548 ","$25,134,249 ","$31,740,839 "
North Carolina State,2020,,Atlantic Coast Conference,88722096,"$86,563,197 ","$24,254,256 ","$32,437,626 "
North Carolina State,2021,,Atlantic Coast Conference,78215264,"$78,224,410 ","$21,716,372 ","$29,969,359 "
North Carolina State,2022,,Atlantic Coast Conference,100991410,"$102,387,569 ","$31,884,539 ","$30,446,882 "
North Carolina State,2023,24,Atlantic Coast Conference,118653089,"$121,444,506 ","$33,603,791 ","$32,419,789 "
Oklahoma State,2005,,Big 12 Conference,55433091,"$51,250,746 ","$8,625,007 ","$69,000,000 "
Oklahoma State,2006,,Big 12 Conference,80300988,"$241,364,906 ","$8,127,511 ","$67,000,000 "
Oklahoma State,2007,,Big 12 Conference,66435650,"$57,521,622 ","$9,879,701 ",
Oklahoma State,2008,,Big 12 Conference,89801118,"$98,874,092 ","$15,473,818 ",
Oklahoma State,2009,,Big 12 Conference,75982440,"$55,953,397 ","$12,498,599 ","$61,872,000 "
Oklahoma State,2010,,Big 12 Conference,83748207,"$106,362,128 ","$15,479,410 ","$98,409,000 "
Oklahoma State,2011,,Big 12 Conference,66937207,"$82,631,915 ","$13,787,271 ","$95,080,000 "
Oklahoma State,2012,,Big 12 Conference,96782619,"$87,270,598 ","$26,238,172 ","$92,365,000 "
Oklahoma State,2013,,Big 12 Conference,96551860,"$93,664,337 ","$19,950,826 ","$89,560,000 "
Oklahoma State,2014,,Big 12 Conference,109648000,"$117,803,302 ","$22,228,460 ","$86,785,000 "
Oklahoma State,2015,,Big 12 Conference,93144396,"$95,931,739 ","$19,523,281 ","$83,755,000 "
Oklahoma State,2016,,Big 12 Conference,92926534,"$93,672,676 ","$19,445,963 ","$79,218,000 "
Oklahoma State,2017,,Big 12 Conference,89833094,"$91,644,865 ","$19,321,071 ","$75,448,000 "
Oklahoma State,2018,,Big 12 Conference,88228667,"$88,516,367 ","$22,467,863 ","$71,649,000 "
Oklahoma State,2019,,Big 12 Conference,95008483,"$95,335,482 ","$24,289,694 ","$67,815,000 "
Oklahoma State,2020,,Big 12 Conference,92501090,"$93,608,058 ","$24,398,875 ","$59,302,000 "
Oklahoma State,2021,,Big 12 Conference,78691353,"$64,498,660 ","$18,693,885 ","$60,486,733 "
Oklahoma State,2022,,Big 12 Conference,103317156,"$104,404,398 ","$29,271,573 ","$56,738,167 "
Oklahoma State,2023,18,Big 12 Conference,121003194,"$122,009,946 ","$31,583,888 ","$70,981,333 "
Oregon State,2005,,Pacific-12 Conference,36106183,"$37,245,356 ","$10,175,665 ",
Oregon State,2006,,Pacific-12 Conference,55324993,"$53,601,943 ","$8,136,245 ","$59,896,182 "
Oregon State,2007,,Pacific-12 Conference,54910688,"$52,471,427 ","$11,740,804 ",
Oregon State,2008,,Pacific-12 Conference,52128314,"$52,875,339 ","$12,799,376 ","$83,491,333 "
Oregon State,2009,,Pacific-12 Conference,54576139,"$53,142,889 ","$12,529,608 ","$88,244,377 "
Oregon State,2010,,Pacific-12 Conference,52669946,"$55,613,345 ","$11,981,026 ","$84,039,888 "
Oregon State,2011,,Pacific-12 Conference,54589335,"$55,544,015 ","$12,282,221 ","$88,685,221 "
Oregon State,2012,,Pacific-12 Conference,57819032,"$58,706,837 ","$11,903,213 ","$84,949,591 "
Oregon State,2013,,Pacific-12 Conference,64185065,"$65,467,970 ","$13,792,592 ","$93,264,488 "
Oregon State,2014,,Pacific-12 Conference,73020003,"$63,301,794 ","$14,355,659 ","$88,808,128 "
Oregon State,2015,,Pacific-12 Conference,72557984,"$64,876,006 ","$14,770,240 ","$81,715,133 "
Oregon State,2016,,Pacific-12 Conference,77667683,"$72,731,247 ","$15,745,810 ","$77,624,656 "
Oregon State,2017,,Pacific-12 Conference,82730626,"$78,959,875 ","$16,354,488 ","$73,309,754 "
Oregon State,2018,,Pacific-12 Conference,88600330,"$80,712,000 ","$17,323,269 ","$72,808,952 "
Oregon State,2019,,Pacific-12 Conference,82364021,"$82,058,386 ","$20,107,059 ","$71,161,552 "
Oregon State,2020,,Pacific-12 Conference,77034653,"$72,448,232 ","$21,931,124 ","$70,011,171 "
Oregon State,2021,,Pacific-12 Conference,68585989,"$47,341,469 ","$15,023,170 ","$63,543,240 "
Oregon State,2022,,Pacific-12 Conference,87729627,"$83,480,015 ","$22,272,842 ","$61,451,636 "
Oregon State,2023,16,Pacific-12 Conference,98423805,"$91,588,297 ","$26,351,151 ","$58,094,180 "
Penn State,2005,,Big Ten Conference,60218635,"$60,785,496 ","$8,072,104 ","$65,000,000 "
Penn State,2010,,Big Ten Conference,88041921,"$106,614,724 ","$14,071,560 ","$54,233,779 "
Penn State,2011,,Big Ten Conference,101336483,"$116,118,025 ","$15,049,592 ","$51,936,329 "
Penn State,2012,,Big Ten Conference,107389258,"$108,252,281 ","$18,380,701 ","$50,198,888 "
Penn State,2013,,Big Ten Conference,110737200,"$104,751,464 ","$18,780,930 ","$48,383,590 "
Penn State,2014,,Big Ten Conference,117440639,"$117,590,990 ","$30,300,992 ","$46,479,619 "
Penn State,2015,,Big Ten Conference,122271407,"$125,720,619 ","$33,528,252 ","$49,684,630 "
Penn State,2016,,Big Ten Conference,129349149,"$132,248,076 ","$35,647,905 ","$63,032,146 "
Penn State,2017,,Big Ten Conference,138724055,"$144,017,055 ","$39,791,466 ","$60,455,231 "
Penn State,2018,,Big Ten Conference,155184697,"$165,373,214 ","$45,219,641 ","$58,057,318 "
Penn State,2019,,Big Ten Conference,160369805,"$164,529,326 ","$46,240,016 ","$54,850,575 "
Penn State,2020,,Big Ten Conference,157908311,"$165,077,390 ","$48,768,610 ","$99,818,308 "
Penn State,2021,,Big Ten Conference,130050505,"$106,159,518 ","$36,069,157 ","$121,913,943 "
Penn State,2022,,Big Ten Conference,170542050,"$181,227,448 ","$57,627,338 ","$88,257,779 "
Penn State,2023,31,Big Ten Conference,202073671,"$202,200,023 ","$62,719,789 ","$172,556,298 "
Purdue,2005,,Big Ten Conference,51500109,"$51,325,446 ","$13,368,124 ",
Purdue,2006,,Big Ten Conference,51826232,"$51,720,353 ","$12,249,633 ","$60,490,000 "
Purdue,2007,,Big Ten Conference,55786246,"$57,757,409 ","$14,505,047 ","$57,040,000 "
Purdue,2008,,Big Ten Conference,59217169,"$64,253,784 ","$15,631,155 ",
Purdue,2009,,Big Ten Conference,57707608,"$60,082,091 ","$12,726,563 ",
Purdue,2010,,Big Ten Conference,58365143,"$61,653,561 ","$11,878,980 ","$101,960,000 "
Purdue,2011,,Big Ten Conference,59429383,"$66,202,493 ","$12,483,396 ","$132,130,000 "
Purdue,2012,,Big Ten Conference,68056269,"$70,624,394 ","$13,948,588 ","$128,250,000 "
Purdue,2013,,Big Ten Conference,74628002,"$72,379,392 ","$17,719,595 ","$124,175,000 "
Purdue,2014,,Big Ten Conference,74604756,"$71,372,206 ","$15,377,439 ","$133,320,000 "
Purdue,2015,,Big Ten Conference,76150390,"$75,637,694 ","$15,663,882 ","$115,536,687 "
Purdue,2016,,Big Ten Conference,80376885,"$78,699,976 ","$16,951,809 ","$208,995,000 "
Purdue,2017,,Big Ten Conference,87209495,"$84,841,133 ","$26,680,356 ","$208,190,000 "
Purdue,2018,,Big Ten Conference,96676957,"$103,092,204 ","$27,230,929 ","$202,350,000 "
Purdue,2019,,Big Ten Conference,103526477,"$110,844,907 ","$27,342,141 ","$194,600,000 "
Purdue,2020,,Big Ten Conference,100101396,"$102,223,618 ","$23,815,344 ","$152,245,000 "
Purdue,2021,,Big Ten Conference,82282743,"$74,183,342 ","$18,822,482 ","$137,295,000 "
Purdue,2022,,Big Ten Conference,93025810,"$115,139,432 ","$24,857,827 ","$137,295,000 "
Purdue,2023,20,Big Ten Conference,119773814,"$124,290,313 ","$31,441,226 ","$130,784,572 "
Rutgers,2005,,Big East Conference,37997629,"$37,997,629 ","$10,731,676 ",$0 
Rutgers,2006,,Big East Conference,41824257,"$41,192,258 ","$13,191,330 ",$0 
Rutgers,2007,,Big East Conference,44819848,"$43,886,496 ","$15,747,670 ",$0 
Rutgers,2008,,Big East Conference,51748813,"$52,012,491 ","$18,779,278 ","$25,000,000 "
Rutgers,2009,,Big East Conference,58354222,"$58,513,863 ","$22,414,351 ","$95,000,000 "
Rutgers,2010,,Big East Conference,64203255,"$64,203,255 ","$26,833,762 ","$100,000,000 "
Rutgers,2011,,Big East Conference,60190100,"$60,190,100 ","$19,510,550 ","$97,655,000 "
Rutgers,2012,,Big East Conference,64038720,"$64,038,720 ","$21,338,849 ","$95,350,000 "
Rutgers,2013,,Big East Conference,78989475,"$78,989,475 ","$19,753,420 ","$92,985,000 "
Rutgers,2014,,American Athletic Conference,76656339,"$76,656,339 ","$19,699,664 ","$90,555,000 "
Rutgers,2015,,Big Ten Conference,70558935,"$70,558,935 ","$18,660,865 ","$88,060,000 "
Rutgers,2016,,Big Ten Conference,83974159,"$83,974,159 ","$25,174,838 ","$85,500,000 "
Rutgers,2017,,Big Ten Conference,99193280,"$96,883,027 ","$27,702,376 ","$82,870,000 "
Rutgers,2018,,Big Ten Conference,102518486,"$100,745,386 ","$26,868,608 ","$80,170,000 "
Rutgers,2019,,Big Ten Conference,103167344,"$103,251,280 ","$27,084,872 ","$77,390,000 "
Rutgers,2020,,Big Ten Conference,114203981,"$103,642,415 ","$33,400,119 ","$74,530,000 "
Rutgers,2021,,Big Ten Conference,118394474,"$87,992,302 ","$33,122,635 ","$58,515,000 "
Rutgers,2022,,Big Ten Conference,138439077,"$109,601,529 ","$43,644,477 ","$56,235,000 "
Rutgers,2023,24,Big Ten Conference,153523767,"$125,478,340 ","$49,499,164 ","$53,865,000 "
Texas A & M,2005,,Big 12 Conference,58873096,"$64,180,453 ","$13,384,354 ","$53,670,025 "
Texas A & M,2006,,Big 12 Conference,61459536,"$70,713,549 ","$13,656,099 ","$51,217,879 "
Texas A & M,2007,,Big 12 Conference,70377179,"$73,664,352 ",,
Texas A & M,2008,,Big 12 Conference,77426317,"$92,476,146 ","$19,064,170 ",
Texas A & M,2009,,Big 12 Conference,77812183,"$98,121,411 ","$16,164,234 ","$53,965,423 "
Texas A & M,2010,,Big 12 Conference,75941926,"$82,774,133 ","$16,600,812 ","$50,059,128 "
Texas A & M,2011,,Big 12 Conference,78310805,"$87,296,532 ","$15,560,215 ","$45,810,059 "
Texas A & M,2012,,Big 12 Conference,81792118,"$119,702,222 ",$0 ,"$41,382,516 "
Texas A & M,2013,,Southeastern Conference,85114588,"$93,957,906 ","$18,066,604 ","$41,556,950 "
Texas A & M,2014,,Southeastern Conference,95663483,"$119,475,872 ","$23,725,571 ","$308,269,067 "
Texas A & M,2015,,Southeastern Conference,109313651,"$192,608,876 ","$23,828,299 ","$303,172,001 "
Texas A & M,2016,,Southeastern Conference,137101774,"$194,388,450 ","$29,945,769 ","$292,687,515 "
Texas A & M,2017,,Southeastern Conference,146546229,"$211,960,034 ","$31,078,111 ","$307,576,015 "
Texas A & M,2018,,Southeastern Conference,165782418,"$212,399,426 ","$48,633,953 ","$317,333,045 "
Texas A & M,2019,,Southeastern Conference,169012456,"$212,748,002 ","$42,803,202 ","$322,297,565 "
Texas A & M,2020,,Southeastern Conference,159136624,"$166,736,120 ","$40,626,376 ","$303,844,905 "
Texas A & M,2021,,Southeastern Conference,141824256,"$161,870,328 ","$36,655,978 ","$289,176,100 "
Texas A & M,2022,,Southeastern Conference,177671900,"$193,139,619 ","$46,083,050 ","$279,370,000 "
Texas A & M,2023,20,Southeastern Conference,194692848,"$279,188,334 ","$53,994,534 ","$269,163,500 "
Texas Tech,2005,,Big 12 Conference,46287452,"$47,961,420 ","$17,848,380 ","$109,388,516 "
Texas Tech,2006,,Big 12 Conference,52853607,"$49,501,530 ","$18,668,051 ","$104,553,089 "
Texas Tech,2007,,Big 12 Conference,51502786,"$54,118,372 ","$18,477,680 ","$98,307,229 "
Texas Tech,2008,,Big 12 Conference,51275866,"$52,599,785 ","$19,689,583 ","$93,970,042 "
Texas Tech,2009,,Big 12 Conference,53808480,"$55,834,336 ","$20,823,258 ","$106,055,640 "
Texas Tech,2010,,Big 12 Conference,59341489,"$61,974,623 ","$22,788,417 ","$119,036,476 "
Texas Tech,2011,,Big 12 Conference,56970651,"$59,534,895 ","$20,945,285 ","$114,767,259 "
Texas Tech,2012,,Big 12 Conference,60346836,"$67,928,350 ","$22,728,847 ","$113,420,459 "
Texas Tech,2013,,Big 12 Conference,66296446,"$72,917,990 ","$21,537,382 ","$115,218,622 "
Texas Tech,2014,,Big 12 Conference,69659608,"$76,723,413 ","$24,219,786 ","$115,891,307 "
Texas Tech,2015,,Big 12 Conference,76525961,"$79,979,481 ","$26,165,385 ","$102,635,689 "
Texas Tech,2016,,Big 12 Conference,78598577,"$82,996,321 ","$25,352,468 ","$106,910,929 "
Texas Tech,2017,,Big 12 Conference,86984083,"$88,804,476 ","$29,439,461 ","$113,396,530 "
Texas Tech,2018,,Big 12 Conference,88948721,"$89,259,783 ","$29,439,201 ","$90,966,664 "
Texas Tech,2019,,Big 12 Conference,95132604,"$96,625,347 ","$30,371,142 ","$78,815,664 "
Texas Tech,2020,,Big 12 Conference,88327973,"$90,418,548 ","$29,303,767 ","$72,035,664 "
Texas Tech,2021,,Big 12 Conference,83873438,"$88,859,408 ","$27,570,003 ","$80,872,002 "
Texas Tech,2022,,Big 12 Conference,104778443,"$110,154,695 ","$35,152,808 ","$93,729,663 "
Texas Tech,2023,17,Big 12 Conference,136364850,"$146,807,939 ","$43,970,198 ","$59,395,539 "
Ohio State,2005,,Big Ten Conference,89580307,"$89,700,979 ","$25,711,478 ","$228,383,000 "
Ohio State,2006,,Big Ten Conference,101804852,"$104,704,852 ","$32,288,865 ","$192,000,000 "
Ohio State,2007,,Big Ten Conference,109197920,"$109,382,222 ","$31,136,950 ","$220,041,352 "
Ohio State,2008,,Big Ten Conference,114264848,"$115,737,022 ","$20,547,985 ","$211,209,725 "
Ohio State,2009,,Big Ten Conference,119859608,"$119,711,581 ","$40,828,747 ","$203,684,144 "
Ohio State,2010,,Big Ten Conference,122739754,"$123,174,176 ","$37,978,930 ","$195,320,198 "
Ohio State,2011,,Big Ten Conference,122286869,"$131,815,821 ","$39,217,983 ","$183,555,456 "
Ohio State,2012,,Big Ten Conference,124419412,"$142,043,057 ","$34,360,112 ","$177,032,054 "
Ohio State,2013,,Big Ten Conference,116026329,"$139,639,307 ","$34,074,179 ","$169,342,000 "
Ohio State,2014,,Big Ten Conference,113937001,"$145,232,681 ","$31,950,998 ","$191,173,000 "
Ohio State,2015,,Big Ten Conference,156969195,"$167,166,065 ","$29,236,140 ","$184,599,324 "
Ohio State,2016,,Big Ten Conference,169075013,"$170,789,765 ","$37,479,825 ","$178,560,800 "
Ohio State,2017,,Big Ten Conference,175743681,"$185,409,602 ","$38,520,914 ","$177,771,859 "
Ohio State,2018,,Big Ten Conference,206472651,"$205,556,663 ","$46,076,280 ","$204,645,198 "
Ohio State,2019,,Big Ten Conference,223605396,"$210,548,239 ","$60,076,743 ","$250,701,333 "
Ohio State,2020,,Big Ten Conference,218651265,"$233,871,740 ","$52,616,230 ","$250,791,550 "
Ohio State,2021,,Big Ten Conference,171618051,"$106,896,918 ","$45,176,147 ","$244,016,345 "
Ohio State,2022,,Big Ten Conference,227906141,"$251,615,345 ","$69,127,911 ","$241,107,041 "
Ohio State,2023,34,Big Ten Conference,276839796,"$279,549,337 ","$72,382,343 ","$300,826,274 "
Alabama,2005,,Southeastern Conference,56989608,"$62,287,192 ","$14,175,824 ","$130,190,648 "
Alabama,2006,,Southeastern Conference,60636961,"$67,730,762 ","$15,937,538 ","$245,219,513 "
Alabama,2007,,Southeastern Conference,77106548,"$87,589,777 ","$23,849,001 ","$235,422,336 "
Alabama,2008,,Southeastern Conference,123370004,"$123,769,841 ","$27,638,909 ","$122,837,716 "
Alabama,2009,,Southeastern Conference,90868971,"$100,302,512 ","$28,053,214 ","$126,188,902 "
Alabama,2010,,Southeastern Conference,98961214,"$130,542,153 ","$32,078,815 ","$210,111,767 "
Alabama,2011,,Southeastern Conference,105068152,"$124,498,616 ","$31,807,880 ","$207,197,936 "
Alabama,2012,,Southeastern Conference,108204867,"$124,899,945 ","$37,774,386 ","$204,745,518 "
Alabama,2013,,Southeastern Conference,116607913,"$143,776,550 ","$41,549,940 ","$181,873,032 "
Alabama,2014,,Southeastern Conference,120184128,"$153,234,273 ","$41,993,027 ","$160,726,840 "
Alabama,2015,,Southeastern Conference,132354913,"$148,911,674 ","$48,640,971 ","$222,567,213 "
Alabama,2016,,Southeastern Conference,145277366,"$164,009,745 ","$56,214,375 ","$220,214,715 "
Alabama,2017,,Southeastern Conference,158646962,"$174,307,419 ","$62,252,391 ","$212,688,989 "
Alabama,2018,,Southeastern Conference,166533013,"$177,481,937 ","$62,944,471 ","$235,069,587 "
Alabama,2019,,Southeastern Conference,185317681,"$164,090,889 ","$69,718,057 ","$218,836,572 "
Alabama,2020,,Southeastern Conference,173141125,"$189,282,549 ","$58,508,851 ","$257,908,905 "
Alabama,2021,,Southeastern Conference,170191728,"$179,800,409 ","$59,515,883 ","$246,287,867 "
Alabama,2022,,Southeastern Conference,195881911,"$214,365,357 ","$78,521,050 ","$238,292,542 "
Alabama,2023,21,Southeastern Conference,212030188,"$199,913,763 ","$83,333,815 ","$226,784,979 "
Tennessee,2005,,Southeastern Conference,71783012,"$71,295,394 ","$13,586,845 ","$57,014,388 "
Tennessee,2006,,Southeastern Conference,70565159,"$73,807,262 ","$11,946,390 ","$63,105,919 "
Tennessee,2007,,Southeastern Conference,94445270,"$97,289,613 ","$13,903,184 ",
Tennessee,2008,,Southeastern Conference,100507146,"$101,806,196 ","$18,070,311 ","$124,215,628 "
Tennessee,2009,,Southeastern Conference,105972740,"$102,795,708 ","$24,337,466 ","$165,568,681 "
Tennessee,2010,,Southeastern Conference,111670619,"$115,729,599 ","$19,190,135 ","$188,099,727 "
Tennessee,2011,,Southeastern Conference,97580406,"$104,368,992 ","$21,115,163 ","$187,245,330 "
Tennessee,2012,,Southeastern Conference,101292015,"$102,884,286 ",$0 ,"$192,488,808 "
Tennessee,2013,,Southeastern Conference,110269194,"$111,579,779 ","$29,798,832 ","$199,055,265 "
Tennessee,2014,,Southeastern Conference,106153854,"$107,499,732 ","$32,731,417 ","$182,598,930 "
Tennessee,2015,,Southeastern Conference,113413325,"$126,584,033 ","$38,920,641 ","$155,890,037 "
Tennessee,2016,,Southeastern Conference,128011504,"$140,448,955 ","$44,106,181 ","$146,265,539 "
Tennessee,2017,,Southeastern Conference,134880229,"$145,653,191 ","$51,295,405 ","$137,665,022 "
Tennessee,2018,,Southeastern Conference,150030497,"$143,545,115 ","$58,832,994 ","$127,796,821 "
Tennessee,2019,,Southeastern Conference,142976173,"$143,765,903 ","$52,739,842 ","$115,093,801 "
Tennessee,2020,,Southeastern Conference,140824626,"$140,335,769 ","$55,730,413 ","$103,468,846 "
Tennessee,2021,,Southeastern Conference,132163159,"$132,920,757 ","$45,899,235 ","$103,617,943 "
Tennessee,2022,,Southeastern Conference,157108637,"$154,566,935 ","$47,194,884 ","$98,354,302 "
Tennessee,2023,20,Southeastern Conference,191032519,"$202,097,305 ","$59,112,823 ","$129,425,869 "
Texas,2005,,Big 12 Conference,82400829,"$89,651,682 ","$13,909,263 ","$64,435,000 "
Texas,2006,,Big 12 Conference,90738962,"$97,756,776 ","$17,135,973 ",
Texas,2007,,Big 12 Conference,97235567,"$105,048,632 ","$16,716,359 ","$202,765,000 "
Texas,2008,,Big 12 Conference,110996365,"$120,288,370 ","$19,136,137 ","$203,738,000 "
Texas,2009,,Big 12 Conference,127651428,"$138,459,149 ","$22,540,547 ","$222,488,000 "
Texas,2010,,Big 12 Conference,130436534,"$143,555,354 ","$23,839,404 ","$221,582,000 "
Texas,2011,,Big 12 Conference,133686815,"$150,295,926 ","$24,864,162 ","$226,527,000 "
Texas,2012,,Big 12 Conference,138269710,"$163,295,115 ","$24,773,663 ","$232,646,000 "
Texas,2013,,Big 12 Conference,146807585,"$165,691,486 ","$27,105,130 ","$242,597,000 "
Texas,2014,,Big 12 Conference,154128877,"$161,035,187 ","$34,885,037 ","$233,002,000 "
Texas,2015,,Big 12 Conference,183062661,"$183,521,028 ","$25,862,105 ","$218,095,000 "
Texas,2016,,Big 12 Conference,181493246,"$187,981,158 ","$28,672,761 ","$209,324,000 "
Texas,2017,,Big 12 Conference,217363094,"$214,830,647 ","$41,173,727 ","$200,154,000 "
Texas,2018,,Big 12 Conference,217327009,"$219,402,579 ","$40,936,348 ","$190,565,000 "
Texas,2019,,Big 12 Conference,207428044,"$223,879,781 ","$43,039,170 ","$181,605,000 "
Texas,2020,,Big 12 Conference,178668974,"$200,772,813 ","$41,849,062 ","$174,900,000 "
Texas,2021,,Big 12 Conference,167324290,"$152,696,006 ","$43,648,896 ","$167,910,000 "
Texas,2022,,Big 12 Conference,227240679,"$239,290,648 ","$51,550,666 ","$217,910,000 "
Texas,2023,21,Big 12 Conference,233916669,"$271,129,326 ","$61,042,363 ","$209,659,000 "
Arizona,2005,,Pacific-12 Conference,40760160,"$39,655,034 ","$8,530,936 ","$7,862,000 "
Arizona,2006,,Pacific-12 Conference,40479457,"$42,303,655 ","$8,157,844 ","$7,687,000 "
Arizona,2007,,Pacific-12 Conference,43267008,"$47,519,159 ","$9,261,561 ",
Arizona,2008,,Pacific-12 Conference,46211393,"$49,241,506 ","$8,623,955 ","$26,235,236 "
Arizona,2009,,Pacific-12 Conference,53177538,"$53,372,629 ","$12,562,711 ","$25,545,000 "
Arizona,2010,,Pacific-12 Conference,56919148,"$58,118,950 ","$13,618,667 ","$24,850,000 "
Arizona,2011,,Pacific-12 Conference,58506308,"$59,663,128 ","$18,440,854 ","$24,125,000 "
Arizona,2012,,Pacific-12 Conference,76802678,"$78,024,219 ","$24,120,824 ","$88,455,000 "
Arizona,2013,,Pacific-12 Conference,68253136,"$68,510,915 ","$20,689,233 ","$87,575,000 "
Arizona,2014,,Pacific-12 Conference,95524260,"$99,911,034 ","$21,883,965 ","$86,660,000 "
Arizona,2015,,Pacific-12 Conference,80706045,"$87,135,331 ","$19,654,737 ","$96,210,000 "
Arizona,2016,,Pacific-12 Conference,87254614,"$85,356,236 ","$22,208,317 ","$93,545 "
Arizona,2017,,Pacific-12 Conference,91756963,"$90,976,758 ","$21,734,876 ","$90,750,000 "
Arizona,2018,,Pacific-12 Conference,103329464,"$95,867,717 ","$32,500,874 ","$147,440,000 "
Arizona,2019,,Pacific-12 Conference,100565835,"$105,091,389 ","$22,568,496 ","$143,925,000 "
Arizona,2020,,Pacific-12 Conference,101084625,"$97,814,344 ","$22,116,726 ","$139,420,000 "
Arizona,2021,,Pacific-12 Conference,93431241,"$101,776,916 ","$25,867,931 ","$133,720,000 "
Arizona,2022,,Pacific-12 Conference,124944926,"$124,353,539 ","$26,564,749 ","$129,770,000 "
Arizona,2023,21,Pacific-12 Conference,142814430,"$143,089,052 ","$37,652,706 ","$124,545,000 "
Arkansas,2005,,Southeastern Conference,45916377,"$47,322,459 ","$12,474,166 ","$48,405,733 "
Arkansas,2006,,Southeastern Conference,48736994,"$49,514,971 ","$13,874,878 ","$53,889,393 "
Arkansas,2007,,Southeastern Conference,62169914,"$65,416,732 ","$24,239,450 ",
Arkansas,2008,,Southeastern Conference,64632499,"$66,174,916 ","$19,613,876 ","$43,938,989 "
Arkansas,2009,,Southeastern Conference,64609733,"$65,835,778 ","$19,332,088 ","$49,469,690 "
Arkansas,2010,,Southeastern Conference,71801905,"$78,072,620 ","$22,005,103 ","$43,473,259 "
Arkansas,2011,,Southeastern Conference,79392988,"$91,768,112 ","$24,059,191 ","$64,081,740 "
Arkansas,2012,,Southeastern Conference,82470473,"$99,757,482 ","$24,325,173 ","$60,244,811 "
Arkansas,2013,,Southeastern Conference,92131933,"$99,770,840 ","$29,861,959 ","$81,364,538 "
Arkansas,2014,,Southeastern Conference,94640408,"$96,793,972 ","$28,074,699 ","$71,737,565 "
Arkansas,2015,,Southeastern Conference,97106539,"$114,172,847 ","$30,795,323 ","$63,674,246 "
Arkansas,2016,,Southeastern Conference,105633576,"$124,981,042 ","$34,237,142 ","$56,479,723 "
Arkansas,2017,,Southeastern Conference,112902474,"$129,680,808 ","$37,326,361 ","$163,865,876 "
Arkansas,2018,,Southeastern Conference,127369722,"$130,126,110 ","$44,632,636 ","$157,287,532 "
Arkansas,2019,,Southeastern Conference,129620361,"$137,497,788 ","$43,162,670 ","$148,079,606 "
Arkansas,2020,,Southeastern Conference,123857351,"$123,357,572 ","$43,552,585 ","$163,427,005 "
Arkansas,2021,,Southeastern Conference,111597676,"$132,396,607 ","$34,383,743 ","$163,424,063 "
Arkansas,2022,,Southeastern Conference,144319041,"$152,513,755 ","$46,994,950 ","$163,346,415 "
Arkansas,2023,19,Southeastern Conference,166552649,"$167,366,549 ","$53,940,684 ","$154,614,645 "
California,2005,,Pacific-12 Conference,51774040,"$43,886,422 ",,
California,2006,,Pacific-12 Conference,53722726,"$48,444,444 ","$12,590,098 ","$3,168,000 "
California,2007,,Pacific-12 Conference,60826660,"$60,826,660 ",,
California,2008,,Pacific-12 Conference,64282315,"$64,333,065 ","$15,367,991 ","$2,990,000 "
California,2009,,Pacific-12 Conference,72738751,"$71,149,584 ","$19,136,395 ",
California,2010,,Pacific-12 Conference,69345912,"$69,345,931 ","$17,407,575 ",
California,2011,,Pacific-12 Conference,62669411,"$65,243,053 ","$16,016,219 ",
California,2012,,Pacific-12 Conference,68578362,"$71,183,404 ","$20,643,873 ","$403,060 "
California,2013,,Pacific-12 Conference,90126390,"$94,487,380 ","$26,249,082 ","$428,268,000 "
California,2014,,Pacific-12 Conference,90108023,"$90,262,142 ","$31,140,564 ","$445,020,000 "
California,2015,,Pacific-12 Conference,94016545,"$85,539,904 ","$31,353,054 ","$437,940,000 "
California,2016,,Pacific-12 Conference,103381770,"$81,653,024 ","$32,580,960 ","$437,940,000 "
California,2017,,Pacific-12 Conference,106959739,"$90,976,576 ","$37,182,528 ","$438,161,849 "
California,2018,,Pacific-12 Conference,110558630,"$91,247,489 ","$39,569,523 ","$438,018,196 "
California,2019,,Pacific-12 Conference,106676734,"$87,500,758 ","$36,251,313 ","$438,564,941 "
California,2020,,Pacific-12 Conference,101829452,"$105,044,582 ","$31,223,684 ","$438,690,000 "
California,2021,,Pacific-12 Conference,88539090,"$91,997,368 ","$24,188,678 ","$436,465,458 "
California,2022,,Pacific-12 Conference,114485848,"$118,212,179 ","$34,014,921 ","$439,974,051 "
California,2023,28,Pacific-12 Conference,134872860,"$126,090,323 ","$37,967,279 ","$439,363,996 "
UCLA,2005,,Pacific-12 Conference,46010599,"$46,013,054 ","$13,219,941 ","$5,500,000 "
UCLA,2006,,Pacific-12 Conference,52049868,"$52,066,786 ","$13,458,173 ",
UCLA,2007,,Pacific-12 Conference,61309668,"$61,309,668 ","$16,940,071 ","$5,207,000 "
UCLA,2008,,Pacific-12 Conference,66088264,"$66,088,264 ","$16,950,787 ","$5,100,000 "
UCLA,2009,,Pacific-12 Conference,66177866,"$66,177,866 ","$18,390,149 ","$4,990,000 "
UCLA,2010,,Pacific-12 Conference,61875531,"$61,875,531 ","$15,274,817 ","$4,876,341 "
UCLA,2011,,Pacific-12 Conference,66003893,"$66,003,893 ","$17,913,658 ","$6,521,732 "
UCLA,2012,,Pacific-12 Conference,71731776,"$71,731,776 ","$19,193,346 ","$5,336,842 "
UCLA,2013,,Pacific-12 Conference,83926720,"$83,926,720 ","$20,149,375 ","$111,575,977 "
UCLA,2014,,Pacific-12 Conference,86426780,"$86,426,780 ","$24,092,213 ","$107,049,209 "
UCLA,2015,,Pacific-12 Conference,96912767,"$96,912,767 ","$26,858,792 ","$103,224,292 "
UCLA,2016,,Pacific-12 Conference,98913023,"$98,913,023 ","$26,735,958 ","$100,428,566 "
UCLA,2017,,Pacific-12 Conference,104106646,"$104,106,646 ","$27,320,772 ","$97,659,767 "
UCLA,2018,,Pacific-12 Conference,130960560,"$130,960,560 ","$37,702,515 ","$92,639,138 "
UCLA,2019,,Pacific-12 Conference,127339042,"$108,412,967 ","$35,463,069 ","$89,897,138 "
UCLA,2020,,Pacific-12 Conference,119391431,"$97,674,553 ","$32,311,478 ","$87,113,834 "
UCLA,2021,,Pacific-12 Conference,110128961,"$47,652,914 ","$25,941,456 ","$128,210,199 "
UCLA,2022,,Pacific-12 Conference,131106913,"$103,061,344 ","$36,989,741 ","$122,558,208 "
UCLA,2023,25,Pacific-12 Conference,141964728,"$105,421,505 ","$44,181,569 ","$113,068,503 "
Colorado,2005,,Big 12 Conference,36614714,"$35,851,791 ","$10,935,305 ","$46,961,662 "
Colorado,2006,,Big 12 Conference,45731542,"$46,871,796 ","$15,942,092 ","$45,505,783 "
Colorado,2007,,Big 12 Conference,39703408,"$42,354,657 ","$11,449,737 ","$43,547,651 "
Colorado,2008,,Big 12 Conference,48368255,"$52,631,896 ","$14,142,729 ","$42,190,064 "
Colorado,2009,,Big 12 Conference,48207321,"$49,859,693 ","$13,040,024 ","$40,503,476 "
Colorado,2010,,Big 12 Conference,48590915,"$49,521,517 ","$12,558,502 ","$46,306,077 "
Colorado,2011,,Big 12 Conference,59186620,"$60,923,253 ","$16,308,545 ","$44,460,144 "
Colorado,2012,,Pacific-12 Conference,54257246,"$57,098,868 ","$14,225,803 ","$48,516,221 "
Colorado,2013,,Pacific-12 Conference,66327497,"$58,334,345 ","$19,781,627 ","$55,717,936 "
Colorado,2014,,Pacific-12 Conference,64303100,"$64,226,758 ","$17,348,921 ","$51,832,133 "
Colorado,2015,,Pacific-12 Conference,65273311,"$67,852,236 ","$17,039,194 ","$182,267,485 "
Colorado,2016,,Pacific-12 Conference,74733332,"$77,276,889 ","$18,372,292 ","$178,188,040 "
Colorado,2017,,Pacific-12 Conference,90640627,"$94,226,111 ","$22,126,316 ","$179,437,983 "
Colorado,2018,,Pacific-12 Conference,89826611,"$89,581,544 ","$22,082,240 ","$178,144,654 "
Colorado,2019,,Pacific-12 Conference,98413284,"$94,935,198 ","$29,642,881 ","$168,972,114 "
Colorado,2020,,Pacific-12 Conference,91182106,"$95,592,704 ","$22,703,444 ","$163,098,917 "
Colorado,2021,,Pacific-12 Conference,64551755,"$47,074,223 ","$17,520,552 ","$170,404,274 "
Colorado,2022,,Pacific-12 Conference,95968696,"$94,873,830 ","$25,533,983 ","$188,941,235 "
Colorado,2023,17,Pacific-12 Conference,136114470,"$127,028,292 ","$34,988,626 ","$186,270,597 "
Florida,2005,,Southeastern Conference,73868754,"$77,742,484 ","$16,244,658 ","$76,410,000 "
Florida,2006,,Southeastern Conference,78665774,"$82,877,813 ","$16,024,747 ","$84,915,000 "
Florida,2007,,Southeastern Conference,92630682,"$108,300,504 ","$20,891,405 ","$84,150,000 "
Florida,2008,,Southeastern Conference,98775583,"$106,607,895 ","$19,037,980 ","$93,415,000 "
Florida,2009,,Southeastern Conference,102082778,"$96,814,239 ","$23,060,425 ","$89,805,000 "
Florida,2010,,Southeastern Conference,105824376,"$117,104,407 ","$24,657,557 ","$83,915,000 "
Florida,2011,,Southeastern Conference,107157831,"$123,514,257 ","$26,463,539 ","$80,845,000 "
Florida,2012,,Southeastern Conference,105102198,"$120,772,106 ","$23,245,846 ","$92,790,000 "
Florida,2013,,Southeastern Conference,106972983,"$130,011,244 ","$25,904,553 ","$88,795,000 "
Florida,2014,,Southeastern Conference,109690016,"$124,611,305 ","$23,239,283 ","$84,710,000 "
Florida,2015,,Southeastern Conference,125384443,"$147,105,242 ","$37,673,205 ","$80,630,000 "
Florida,2016,,Southeastern Conference,136788493,"$141,441,109 ","$32,248,389 ","$91,450,000 "
Florida,2017,,Southeastern Conference,141864472,"$149,165,475 ","$33,892,163 ","$86,415,000 "
Florida,2018,,Southeastern Conference,149144376,"$161,183,765 ","$47,767,368 ","$81,275,000 "
Florida,2019,,Southeastern Conference,141829002,"$159,706,937 ","$39,499,666 ","$126,025,000 "
Florida,2020,,Southeastern Conference,139935182,"$174,950,823 ","$37,611,099 ","$119,375,000 "
Florida,2021,,Southeastern Conference,123298839,"$138,854,234 ","$29,789,919 ","$164,260,000 "
Florida,2022,,Southeastern Conference,174365070,"$190,417,139 ","$61,244,174 ","$157,485,000 "
Florida,2023,21,Southeastern Conference,175738444,"$189,142,176 ","$46,453,763 ","$150,120,000 "
Georgia,2005,,Southeastern Conference,44933055,"$68,787,384 ","$12,532,495 ","$74,657,482 "
Georgia,2006,,Southeastern Conference,62228597,"$79,237,929 ","$17,959,128 ","$102,332,801 "
Georgia,2007,,Southeastern Conference,64153697,"$78,364,621 ","$17,171,397 ","$99,983,540 "
Georgia,2008,,Southeastern Conference,71993533,"$85,554,395 ","$19,499,402 ","$97,473,033 "
Georgia,2009,,Southeastern Conference,78573518,"$83,507,796 ","$20,460,143 ","$94,979,017 "
Georgia,2010,,Southeastern Conference,77250831,"$89,735,934 ","$18,551,074 ","$92,408,103 "
Georgia,2011,,Southeastern Conference,80759498,"$92,341,067 ","$22,036,338 ","$120,770,821 "
Georgia,2012,,Southeastern Conference,88923561,"$91,670,613 ","$22,710,140 ","$118,096,570 "
Georgia,2013,,Southeastern Conference,96904626,"$98,120,889 ","$26,325,257 ","$113,191,100 "
Georgia,2014,,Southeastern Conference,92560956,"$103,495,587 ","$24,966,515 ","$106,813,431 "
Georgia,2015,,Southeastern Conference,98346538,"$116,151,279 ","$26,154,335 ","$101,832,640 "
Georgia,2016,,Southeastern Conference,117400502,"$123,841,268 ","$38,884,925 ","$101,706,851 "
Georgia,2017,,Southeastern Conference,120445486,"$157,852,479 ","$36,387,975 ","$104,268,529 "
Georgia,2018,,Southeastern Conference,134965406,"$176,699,893 ","$44,909,546 ","$100,702,340 "
Georgia,2019,,Southeastern Conference,144790704,"$174,042,482 ","$49,207,807 ","$91,761,151 "
Georgia,2020,,Southeastern Conference,140529409,"$179,295,904 ","$48,501,193 ","$88,174,961 "
Georgia,2021,,Southeastern Conference,124113714,"$169,064,656 ","$36,192,952 ","$81,688,773 "
Georgia,2022,,Southeastern Conference,169995701,"$203,048,566 ","$61,722,123 ","$80,346,519 "
Georgia,2023,21,Southeastern Conference,187486671,"$210,108,069 ","$69,069,745 ","$136,374,597 "
Illinois,2005,,Big Ten Conference,47915540,"$48,396,763 ","$10,324,331 ","$20,000,000 "
Illinois,2006,,Big Ten Conference,50576001,"$50,744,576 ","$10,428,399 ","$17,098,073 "
Illinois,2007,,Big Ten Conference,51714927,"$57,838,408 ","$10,842,836 ",
Illinois,2008,,Big Ten Conference,63458807,"$67,818,403 ","$14,318,134 ","$136,915,318 "
Illinois,2009,,Big Ten Conference,73643345,"$75,431,185 ","$11,889,407 ",
Illinois,2010,,Big Ten Conference,71957222,"$75,189,489 ","$12,408,170 ","$130,506,150 "
Illinois,2011,,Big Ten Conference,73476818,"$77,863,883 ","$14,146,821 ","$120,950,293 "
Illinois,2012,,Big Ten Conference,76740736,"$78,708,250 ","$16,712,294 ","$117,067,916 "
Illinois,2013,,Big Ten Conference,78667480,"$79,725,521 ","$16,821,289 ","$108,987,901 "
Illinois,2014,,Big Ten Conference,83112351,"$80,848,569 ","$16,781,096 ","$263,053,858 "
Illinois,2015,,Big Ten Conference,87163188,"$85,998,659 ","$17,229,821 ","$270,037,697 "
Illinois,2016,,Big Ten Conference,102912910,"$96,249,500 ","$18,432,831 ","$255,501,079 "
Illinois,2017,,Big Ten Conference,100739817,"$97,447,731 ","$22,332,464 ","$245,441,944 "
Illinois,2018,,Big Ten Conference,108696540,"$115,132,186 ","$22,235,743 ","$246,518,481 "
Illinois,2019,,Big Ten Conference,120168951,"$118,565,501 ","$23,434,155 ","$323,509,449 "
Illinois,2020,,Big Ten Conference,121638435,"$122,566,259 ","$26,687,668 ","$315,822,286 "
Illinois,2021,,Big Ten Conference,102006085,"$98,811,643 ","$21,381,419 ","$314,116,163 "
Illinois,2022,,Big Ten Conference,129119247,"$145,735,330 ","$29,035,739 ","$294,235,529 "
Illinois,2023,21,Big Ten Conference,152809698,"$148,345,919 ","$35,166,057 ","$291,882,647 "
Iowa,2005,,Big Ten Conference,54982658,"$61,676,257 ","$18,124,566 ","$25,000,000 "
Iowa,2006,,Big Ten Conference,59224861,"$73,321,227 ","$20,808,639 ","$93,000,000 "
Iowa,2007,,Big Ten Conference,70469589,"$80,832,070 ","$28,984,732 ","$117,075,000 "
Iowa,2008,,Big Ten Conference,71602594,"$81,515,865 ",,
Iowa,2009,,Big Ten Conference,71116911,"$79,971,143 ","$27,052,080 ","$112,490,000 "
Iowa,2010,,Big Ten Conference,74438196,"$88,735,093 ","$18,618,732 ","$135,975,000 "
Iowa,2011,,Big Ten Conference,88057486,"$93,353,561 ","$20,660,805 ","$152,910,000 "
Iowa,2012,,Big Ten Conference,104658746,"$97,902,974 ","$21,757,190 ","$149,520,000 "
Iowa,2013,,Big Ten Conference,106969227,"$107,153,782 ","$21,647,370 ","$145,575,000 "
Iowa,2014,,Big Ten Conference,102278847,"$105,958,954 ","$24,284,458 ","$141,400,000 "
Iowa,2015,,Big Ten Conference,109214651,"$105,969,545 ","$24,428,508 ","$135,765,000 "
Iowa,2016,,Big Ten Conference,116168740,"$113,249,020 ","$31,137,043 ","$134,295,000 "
Iowa,2017,,Big Ten Conference,130219211,"$130,681,467 ","$31,950,592 ","$155,603,709 "
Iowa,2018,,Big Ten Conference,131467820,"$137,093,027 ","$33,242,804 ","$209,000,949 "
Iowa,2019,,Big Ten Conference,147632275,"$151,976,026 ","$37,782,218 ","$226,859,124 "
Iowa,2020,,Big Ten Conference,149161886,"$145,636,544 ","$41,838,056 ","$223,769,115 "
Iowa,2021,,Big Ten Conference,116755350,"$74,789,832 ","$29,686,991 ","$256,403,366 "
Iowa,2022,,Big Ten Conference,151144861,"$151,483,092 ","$49,396,133 ","$244,595,021 "
Iowa,2023,21,Big Ten Conference,160302475,"$167,417,806 ","$45,560,483 ","$235,125,162 "
Kansas,2005,,Big 12 Conference,40761354,"$50,826,019 ","$7,066,392 ","$17,170,000 "
Kansas,2006,,Big 12 Conference,47862244,"$63,643,158 ","$10,299,787 ","$20,290,000 "
Kansas,2007,,Big 12 Conference,58763135,"$64,153,545 ","$9,869,815 ","$19,135,894 "
Kansas,2008,,Big 12 Conference,65748366,"$82,976,047 ","$13,967,331 ","$29,295,584 "
Kansas,2009,,Big 12 Conference,67643124,"$69,998,204 ","$13,485,457 ","$46,565,000 "
Kansas,2010,,Big 12 Conference,69241375,"$70,548,520 ","$15,976,477 ","$56,095,455 "
Kansas,2011,,Big 12 Conference,71992158,"$74,850,203 ","$13,096,257 ","$54,071,140 "
Kansas,2012,,Big 12 Conference,78973441,"$70,228,913 ","$20,548,723 ","$57,417,890 "
Kansas,2013,,Big 12 Conference,79720036,"$93,114,168 ","$14,330,947 ","$49,852,218 "
Kansas,2014,,Big 12 Conference,90056511,"$97,681,066 ","$14,844,644 ","$46,897,969 "
Kansas,2015,,Big 12 Conference,92207877,"$91,860,673 ","$20,793,566 ","$42,581,106 "
Kansas,2016,,Big 12 Conference,85703264,"$90,658,829 ","$14,011,838 ","$36,094,238 "
Kansas,2017,,Big 12 Conference,94709233,"$95,251,461 ","$17,061,938 ","$35,284,196 "
Kansas,2018,,Big 12 Conference,104108072,"$106,307,326 ","$19,724,816 ","$3,953,422 "
Kansas,2019,,Big 12 Conference,108881800,"$121,553,307 ","$25,325,278 ","$32,836,602 "
Kansas,2020,,Big 12 Conference,102693011,"$102,707,575 ","$21,961,195 ","$30,635,804 "
Kansas,2021,,Big 12 Conference,94140743,"$92,325,635 ","$19,661,307 ","$31,725,368 "
Kansas,2022,,Big 12 Conference,108696078,"$118,020,175 ","$21,282,124 ","$31,368,115 "
Kansas,2023,18,Big 12 Conference,124210259,"$128,398,186 ","$28,183,467 ","$31,908,884 "
Kentucky,2005,,Southeastern Conference,52462483,"$54,536,426 ","$7,812,126 ","$29,544,754 "
Kentucky,2006,,Southeastern Conference,57551345,"$57,015,319 ","$9,331,685 ","$37,207,559 "
Kentucky,2007,,Southeastern Conference,61075726,"$61,106,515 ","$10,122,398 ","$25,490,000 "
Kentucky,2008,,Southeastern Conference,71079982,"$71,727,243 ","$11,916,330 ","$23,910,000 "
Kentucky,2009,,Southeastern Conference,68628681,"$72,057,754 ","$13,017,944 ","$21,980,000 "
Kentucky,2010,,Southeastern Conference,79002986,"$79,700,856 ","$13,905,722 ","$20,515,000 "
Kentucky,2011,,Southeastern Conference,82840006,"$84,878,311 ","$13,652,110 ","$18,695,000 "
Kentucky,2012,,Southeastern Conference,84929819,"$88,373,452 ","$12,668,099 ","$16,815,000 "
Kentucky,2013,,Southeastern Conference,93423628,"$95,720,724 ","$17,601,395 ","$14,900,000 "
Kentucky,2014,,Southeastern Conference,94612431,"$96,685,489 ","$16,513,933 ","$119,039,963 "
Kentucky,2015,,Southeastern Conference,115159039,"$116,494,690 ","$18,079,566 ","$116,493,061 "
Kentucky,2016,,Southeastern Conference,129873437,"$132,180,246 ","$21,111,841 ","$112,058,061 "
Kentucky,2017,,Southeastern Conference,128829711,"$130,706,744 ","$24,450,343 ","$107,560,307 "
Kentucky,2018,,Southeastern Conference,133264315,"$134,154,614 ","$26,057,927 ","$102,930,445 "
Kentucky,2019,,Southeastern Conference,150265800,"$150,435,842 ","$30,279,735 ","$100,373,240 "
Kentucky,2020,,Southeastern Conference,145957959,"$146,150,480 ","$29,925,733 ","$97,757,920 "
Kentucky,2021,,Southeastern Conference,120938509,"$121,477,527 ","$24,684,438 ","$95,048,610 "
Kentucky,2022,,Southeastern Conference,158840674,"$159,079,024 ","$36,465,661 ","$92,205,972 "
Kentucky,2023,23,Southeastern Conference,174280835,"$174,485,651 ","$39,727,787 ","$89,417,658 "
Louisville,2005,,Conference USA,38629661,"$41,183,859 ","$8,988,147 ","$16,605,000 "
Louisville,2006,,Big East Conference,48807290,"$52,020,246 ","$10,500,469 ","$14,992,000 "
Louisville,2007,,Big East Conference,55731701,"$58,819,120 ","$13,615,991 ","$12,305,000 "
Louisville,2008,,Big East Conference,55145760,"$56,540,896 ","$11,601,884 ","$11,445,000 "
Louisville,2009,,Big East Conference,58931534,"$62,516,648 ","$11,533,885 ","$80,536,000 "
Louisville,2010,,Big East Conference,61257743,"$63,487,395 ","$12,222,307 ","$80,246,000 "
Louisville,2011,,Big East Conference,81837054,"$87,736,323 ","$15,582,160 ","$99,756,000 "
Louisville,2012,,Big East Conference,84133793,"$87,840,501 ","$18,769,538 ","$67,554,000 "
Louisville,2013,,Big East Conference,92383221,"$96,193,330 ","$23,186,537 ","$97,789,948 "
Louisville,2014,,American Athletic Conference,88174474,"$88,745,348 ","$21,567,492 ","$89,809,701 "
Louisville,2015,,Atlantic Coast Conference,101624437,"$104,325,207 ","$18,654,530 ","$80,021,033 "
Louisville,2016,,Atlantic Coast Conference,109393330,"$112,146,504 ","$23,428,837 ","$69,793,900 "
Louisville,2017,,Atlantic Coast Conference,118383769,"$120,445,303 ","$25,194,610 ","$102,898,000 "
Louisville,2018,,Atlantic Coast Conference,132708762,"$134,155,908 ","$26,435,741 ","$98,579,353 "
Louisville,2019,,Atlantic Coast Conference,151167940,"$139,955,824 ","$46,431,134 ","$95,566,353 "
Louisville,2020,,Atlantic Coast Conference,138830169,"$140,867,112 ","$26,694,575 ","$85,166,265 "
Louisville,2021,,Atlantic Coast Conference,109320333,"$101,110,217 ","$23,075,716 ","$85,438,632 "
Louisville,2022,,Atlantic Coast Conference,139978927,"$146,225,965 ","$34,994,933 ","$95,630,563 "
Louisville,2023,23,Atlantic Coast Conference,140216963,"$142,806,809 ","$33,215,961 ","$97,537,950 "
Maryland,2005,,Atlantic Coast Conference,46508648,"$46,508,648 ","$9,301,053 ","$49,340,550 "
Maryland,2006,,Atlantic Coast Conference,49524563,"$53,643,387 ","$10,415,512 ","$47,000,265 "
Maryland,2007,,Atlantic Coast Conference,55001995,"$57,707,218 ","$10,222,566 ","$44,442,147 "
Maryland,2008,,Atlantic Coast Conference,56844987,"$59,624,100 ","$10,637,582 ","$41,637,303 "
Maryland,2009,,Atlantic Coast Conference,62901837,"$62,949,159 ","$11,729,096 ","$60,486,286 "
Maryland,2010,,Atlantic Coast Conference,54661992,"$54,661,992 ","$9,863,748 ","$63,872,470 "
Maryland,2011,,Atlantic Coast Conference,61632000,"$61,634,829 ","$12,538,482 ","$59,797,451 "
Maryland,2012,,Atlantic Coast Conference,68109639,"$68,142,660 ","$15,359,814 ","$55,960,599 "
Maryland,2013,,Atlantic Coast Conference,63367929,"$63,714,470 ","$12,091,331 ","$74,558,830 "
Maryland,2014,,Atlantic Coast Conference,72952894,"$73,434,869 ","$16,269,408 ","$47,063,749 "
Maryland,2015,,Big Ten Conference,92558535,"$92,686,128 ","$16,325,467 ","$41,964,626 "
Maryland,2016,,Big Ten Conference,94101697,"$94,101,697 ","$20,779,161 ","$37,308,936 "
Maryland,2017,,Big Ten Conference,94796897,"$94,881,357 ","$18,908,923 ","$33,212,899 "
Maryland,2018,,Big Ten Conference,97819892,"$98,294,571 ","$19,881,239 ","$28,590,610 "
Maryland,2019,,Big Ten Conference,108785924,"$108,796,303 ","$28,507,867 ","$24,318,598 "
Maryland,2020,,Big Ten Conference,92231361,"$92,286,469 ","$21,391,499 ","$27,452,814 "
Maryland,2021,,Big Ten Conference,81831650,"$60,901,167 ","$20,498,932 ","$15,372,141 "
Maryland,2022,,Big Ten Conference,114385462,"$107,526,374 ","$30,801,233 ","$11,756,758 "
Maryland,2023,20,Big Ten Conference,121160348,"$121,183,392 ","$33,999,400 ","$9,811,366 "
Michigan,2005,,Big Ten Conference,61387144,"$78,424,186 ","$10,690,874 ","$6,235,000 "
Michigan,2006,,Big Ten Conference,67909246,"$85,452,441 ","$12,842,545 ","$14,830,000 "
Michigan,2007,,Big Ten Conference,74925433,"$89,079,982 ","$14,750,836 ","$18,980,000 "
Michigan,2008,,Big Ten Conference,85496004,"$99,027,105 ","$16,785,667 ","$134,770,000 "
Michigan,2009,,Big Ten Conference,84542142,"$95,193,030 ","$18,034,203 ","$179,415,000 "
Michigan,2010,,Big Ten Conference,89133850,"$106,874,031 ","$18,328,233 ","$183,450,000 "
Michigan,2011,,Big Ten Conference,111844553,"$122,739,052 ","$23,552,233 ","$215,355,000 "
Michigan,2012,,Big Ten Conference,115200187,"$140,131,187 ",$0 ,"$231,020,000 "
Michigan,2013,,Big Ten Conference,131018311,"$143,514,125 ","$23,061,374 ","$228,405,000 "
Michigan,2014,,Big Ten Conference,142551994,"$157,899,820 ","$26,755,732 ","$218,005,000 "
Michigan,2015,,Big Ten Conference,152555619,"$152,477,026 ","$31,887,224 ","$213,000,000 "
Michigan,2016,,Big Ten Conference,159096632,"$163,850,616 ","$36,597,582 ","$240,979,000 "
Michigan,2017,,Big Ten Conference,179459864,"$185,173,187 ","$46,249,633 ","$288,966,000 "
Michigan,2018,,Big Ten Conference,192456967,"$195,769,104 ","$43,453,382 ","$287,167,974 "
Michigan,2019,,Big Ten Conference,196616430,"$197,820,410 ","$47,430,575 ","$300,400,235 "
Michigan,2020,,Big Ten Conference,188523758,"$192,403,168 ","$44,684,585 ","$288,441,000 "
Michigan,2021,,Big Ten Conference,150618278,"$101,236,069 ","$37,380,521 ","$280,749,000 "
Michigan,2022,,Big Ten Conference,195084818,"$210,652,287 ","$52,408,535 ","$262,984,000 "
Michigan,2023,29,Big Ten Conference,228603154,"$229,561,279 ","$67,845,879 ","$250,581,000 "
Minnesota,2005,,Big Ten Conference,53872091,"$53,276,842 ","$7,639,069 ","$39,740,000 "
Minnesota,2006,,Big Ten Conference,57031263,"$58,527,047 ","$7,890,070 ","$39,000,000 "
Minnesota,2007,,Big Ten Conference,64828596,"$58,787,777 ","$8,304,534 ","$37,300,000 "
Minnesota,2008,,Big Ten Conference,63968805,"$68,951,692 ","$9,306,397 ","$35,975,000 "
Minnesota,2009,,Big Ten Conference,70322993,"$70,322,993 ","$9,257,658 ","$231,635,000 "
Minnesota,2010,,Big Ten Conference,78706900,"$78,706,900 ","$17,433,697 ","$75,841,529 "
Minnesota,2011,,Big Ten Conference,78924683,"$78,924,683 ","$16,985,183 ","$236,606,000 "
Minnesota,2012,,Big Ten Conference,83619526,"$83,619,526 ","$16,177,355 ","$223,280,000 "
Minnesota,2013,,Big Ten Conference,96427632,"$98,286,669 ","$20,839,079 ","$213,240,000 "
Minnesota,2014,,Big Ten Conference,106176156,"$106,176,156 ","$27,756,653 ","$201,395,000 "
Minnesota,2015,,Big Ten Conference,111162265,"$111,162,265 ","$26,418,204 ","$181,859,000 "
Minnesota,2016,,Big Ten Conference,110673824,"$113,506,279 ","$27,656,340 ","$161,924,203 "
Minnesota,2017,,Big Ten Conference,114201678,"$116,376,862 ","$33,307,446 ","$157,326,979 "
Minnesota,2018,,Big Ten Conference,115090006,"$124,847,642 ","$29,950,685 ","$261,860,363 "
Minnesota,2019,,Big Ten Conference,129450256,"$130,456,454 ","$34,510,904 ","$252,285,007 "
Minnesota,2020,,Big Ten Conference,124818508,"$119,280,297 ","$36,049,362 ","$232,541,564 "
Minnesota,2021,,Big Ten Conference,103821135,"$85,512,708 ","$25,887,683 ","$216,712,712 "
Minnesota,2022,,Big Ten Conference,130285463,"$135,198,272 ","$40,749,035 ","$218,381,910 "
Minnesota,2023,22,Big Ten Conference,146982927,"$148,707,736 ","$42,194,127 ","$197,418,303 "
Mississippi,2005,,Southeastern Conference,28721832,"$28,721,832 ","$7,264,838 ","$32,000,000 "
Mississippi,2006,,Southeastern Conference,29412948,"$29,412,948 ","$6,755,180 ","$18,465,000 "
Mississippi,2007,,Southeastern Conference,33782527,"$33,782,527 ","$7,067,428 ","$45,462,104 "
Mississippi,2008,,Southeastern Conference,34769709,"$34,769,709 ","$7,032,803 ","$43,096,931 "
Mississippi,2009,,Southeastern Conference,41290128,"$41,290,128 ","$9,514,554 ","$46,631,868 "
Mississippi,2010,,Southeastern Conference,45737904,"$45,737,904 ","$11,920,509 ","$43,123,045 "
Mississippi,2011,,Southeastern Conference,47109301,"$49,180,892 ","$17,764,174 ","$41,797,582 "
Mississippi,2012,,Southeastern Conference,51708064,"$51,858,993 ","$18,739,684 ","$38,944,583 "
Mississippi,2013,,Southeastern Conference,71315807,"$73,390,050 ","$28,267,069 ","$64,293,179 "
Mississippi,2014,,Southeastern Conference,73293496,"$75,849,000 ","$27,356,450 ","$62,911,862 "
Mississippi,2015,,Southeastern Conference,82399898,"$87,602,519 ","$27,040,318 ","$73,553,258 "
Mississippi,2016,,Southeastern Conference,97105043,"$110,524,705 ","$34,181,971 ","$122,733,915 "
Mississippi,2017,,Southeastern Conference,108885512,"$117,834,511 ","$35,317,989 ","$112,585,085 "
Mississippi,2018,,Southeastern Conference,116812268,"$110,912,617 ","$35,377,133 ","$135,595,043 "
Mississippi,2019,,Southeastern Conference,113013400,"$108,442,428 ","$37,790,720 ","$125,198,478 "
Mississippi,2020,,Southeastern Conference,113008288,"$105,875,209 ","$44,375,627 ","$107,609,789 "
Mississippi,2021,,Southeastern Conference,109763195,"$127,394,340 ","$38,313,502 ","$107,409,230 "
Mississippi,2022,,Southeastern Conference,138796990,"$133,557,937 ","$55,107,688 ","$118,047,209 "
Mississippi,2023,18,Southeastern Conference,150195985,"$142,171,362 ","$60,203,672 ","$136,570,358 "
Missouri,2005,,Big 12 Conference,46351896,"$46,812,603 ","$6,814,760 ","$36,377,727 "
Missouri,2006,,Big 12 Conference,56057181,"$50,495,448 ","$7,135,461 ","$34,831,995 "
Missouri,2007,,Big 12 Conference,57211839,"$56,406,107 ","$9,478,405 ",
Missouri,2008,,Big 12 Conference,51779677,"$55,566,932 ","$10,591,618 ","$31,749,939 "
Missouri,2009,,Big 12 Conference,58604216,"$63,133,447 ","$15,681,323 ","$30,212,443 "
Missouri,2010,,Big 12 Conference,61766109,"$61,052,303 ","$13,759,649 ",
Missouri,2011,,Big 12 Conference,64160358,"$64,146,530 ","$14,983,805 ","$26,880,554 "
Missouri,2012,,Big 12 Conference,66980889,"$50,719,665 ",$0 ,"$25,312,268 "
Missouri,2013,,Southeastern Conference,70276015,"$76,306,889 ","$17,358,875 ","$22,839,576 "
Missouri,2014,,Southeastern Conference,80230179,"$83,718,587 ","$21,416,004 ","$81,268,862 "
Missouri,2015,,Southeastern Conference,86859158,"$91,217,778 ","$21,647,918 ","$87,224,993 "
Missouri,2016,,Southeastern Conference,94323693,"$97,275,839 ","$21,061,689 ","$90,075,798 "
Missouri,2017,,Southeastern Conference,102409131,"$97,848,195 ","$21,093,796 ","$88,766,012 "
Missouri,2018,,Southeastern Conference,109158522,"$107,351,581 ","$23,659,474 ","$96,700,926 "
Missouri,2019,,Southeastern Conference,108398447,"$106,610,244 ","$23,852,138 ","$96,700,926 "
Missouri,2020,,Southeastern Conference,119082669,"$110,189,122 ","$28,644,935 ","$166,893,682 "
Missouri,2021,,Southeastern Conference,113915145,"$110,458,144 ","$24,080,442 ","$166,164,774 "
Missouri,2022,,Southeastern Conference,125621128,"$141,157,028 ","$32,808,146 ","$145,921,663 "
Missouri,2023,20,Southeastern Conference,141558286,"$141,558,287 ","$36,326,859 ","$128,447,827 "
Nebraska,2005,,Big 12 Conference,55697329,"$55,876,334 ","$12,661,039 ","$67,146,362 "
Nebraska,2006,,Big 12 Conference,61667540,"$63,723,537 ","$12,367,676 ",
Nebraska,2007,,Big 12 Conference,65356468,"$70,846,908 ","$15,685,342 ","$49,815,000 "
Nebraska,2008,,Big 12 Conference,74981110,"$75,492,884 ","$19,078,115 ",
Nebraska,2009,,Big 12 Conference,70543505,"$74,881,383 ","$17,938,606 ",
Nebraska,2010,,Big 12 Conference,71738068,"$73,483,733 ","$17,843,849 ","$33,840,000 "
Nebraska,2011,,Big 12 Conference,81916484,"$83,679,756 ","$20,147,302 ","$32,080,000 "
Nebraska,2012,,Big Ten Conference,77037282,"$81,631,252 ","$18,649,948 ","$30,245,000 "
Nebraska,2013,,Big Ten Conference,81666269,"$86,916,001 ","$21,359,310 ","$28,335,000 "
Nebraska,2014,,Big Ten Conference,90939273,"$94,797,692 ","$23,844,465 ","$26,340,000 "
Nebraska,2015,,Big Ten Conference,102523037,"$102,157,399 ","$27,482,820 ",$0 
Nebraska,2016,,Big Ten Conference,108989919,"$112,142,961 ","$28,223,705 ",$0 
Nebraska,2017,,Big Ten Conference,117979144,"$120,205,090 ","$37,325,512 ",$0 
Nebraska,2018,,Big Ten Conference,141063338,"$142,223,226 ","$47,856,339 ",$0 
Nebraska,2019,,Big Ten Conference,134713519,"$136,233,460 ","$36,394,252 ",$0 
Nebraska,2020,,Big Ten Conference,130582125,"$133,629,080 ","$33,222,111 ",$0 
Nebraska,2021,,Big Ten Conference,104087284,"$92,093,093 ","$24,597,327 ",$0 
Nebraska,2022,,Big Ten Conference,141181951,"$143,423,944 ","$35,006,033 ",$0 
Nebraska,2023,24,Big Ten Conference,200870384,"$204,831,356 ","$72,796,239 ","$40,868,156 "
North Carolina,2005,,Atlantic Coast Conference,54617880,"$54,838,851 ","$10,569,162 ","$21,491,100 "
North Carolina,2006,,Atlantic Coast Conference,59943877,"$60,034,233 ","$9,939,501 ","$20,139,900 "
North Carolina,2007,,Atlantic Coast Conference,63008867,"$62,166,396 ","$15,033,938 ","$18,768,700 "
North Carolina,2008,,Atlantic Coast Conference,65929532,"$66,148,186 ","$15,256,404 ","$20,082,327 "
North Carolina,2009,,Atlantic Coast Conference,74462225,"$74,644,557 ","$17,803,503 ","$28,058,487 "
North Carolina,2010,,Atlantic Coast Conference,72685335,"$72,825,407 ","$16,701,632 ","$36,388,546 "
North Carolina,2011,,Atlantic Coast Conference,74312602,"$75,606,311 ","$17,948,582 ","$64,359,305 "
North Carolina,2012,,Atlantic Coast Conference,81921783,"$82,424,430 ",$0 ,"$68,101,902 "
North Carolina,2013,,Atlantic Coast Conference,82735139,"$82,792,342 ","$18,688,589 ","$60,881,913 "
North Carolina,2014,,Atlantic Coast Conference,83463221,"$83,771,913 ","$20,322,442 ","$60,045,924 "
North Carolina,2015,,Atlantic Coast Conference,89080843,"$89,128,256 ","$22,310,037 ","$58,058,409 "
North Carolina,2016,,Atlantic Coast Conference,95175985,"$95,175,985 ","$24,818,093 ","$54,824,409 "
North Carolina,2017,,Atlantic Coast Conference,96540823,"$96,551,626 ","$23,134,951 ","$61,719,291 "
North Carolina,2018,,Atlantic Coast Conference,102430558,"$104,571,404 ","$21,251,447 ","$64,718,474 "
North Carolina,2019,,Atlantic Coast Conference,110809706,"$107,812,619 ","$23,414,064 ","$75,629,285 "
North Carolina,2020,,Atlantic Coast Conference,113022409,"$110,410,009 ","$30,648,706 ","$80,423,187 "
North Carolina,2021,,Atlantic Coast Conference,101916048,"$101,865,616 ","$30,231,779 ","$111,642,173 "
North Carolina,2022,,Atlantic Coast Conference,120314967,"$122,603,567 ","$34,451,491 ","$108,944,055 "
North Carolina,2023,28,Atlantic Coast Conference,139079504,"$139,353,091 ","$44,509,367 ","$108,214,904 "
Oklahoma,2005,,Big 12 Conference,62897773,"$63,382,024 ","$15,539,986 ","$86,605,000 "
Oklahoma,2006,,Big 12 Conference,64322580,"$64,521,972 ","$15,812,516 ","$84,970,000 "
Oklahoma,2007,,Big 12 Conference,69266318,"$69,430,571 ","$17,942,907 ","$91,798,000 "
Oklahoma,2008,,Big 12 Conference,76945882,"$77,098,008 ","$18,533,245 ","$94,651,649 "
Oklahoma,2009,,Big 12 Conference,81404991,"$81,487,835 ","$20,104,378 ","$95,981,466 "
Oklahoma,2010,,Big 12 Conference,87678197,"$98,512,287 ","$19,242,511 ","$91,343,420 "
Oklahoma,2011,,Big 12 Conference,94363928,"$104,338,844 ","$23,277,520 ","$87,014,027 "
Oklahoma,2012,,Big 12 Conference,96250328,"$106,456,616 ","$23,674,490 ","$125,123,844 "
Oklahoma,2013,,Big 12 Conference,102447553,"$123,805,661 ","$25,140,633 ","$120,054,000 "
Oklahoma,2014,,Big 12 Conference,113366698,"$129,226,692 ","$27,600,571 ","$114,994,970 "
Oklahoma,2015,,Big 12 Conference,128260251,"$134,269,349 ","$35,369,766 ","$110,356,000 "
Oklahoma,2016,,Big 12 Conference,132611840,"$150,373,216 ","$39,893,246 ","$214,200,000 "
Oklahoma,2017,,Big 12 Conference,138456780,"$155,238,481 ","$37,795,695 ","$210,710,000 "
Oklahoma,2018,,Big 12 Conference,153189153,"$175,325,500 ","$39,820,566 ","$218,352,804 "
Oklahoma,2019,,Big 12 Conference,163835791,"$163,126,695 ","$42,752,259 ","$211,398,218 "
Oklahoma,2020,,Big 12 Conference,162958014,"$159,116,745 ","$41,455,784 ","$204,257,046 "
Oklahoma,2021,,Big 12 Conference,145100455,"$143,668,948 ","$38,210,376 ","$199,391,420 "
Oklahoma,2022,,Big 12 Conference,182403214,"$177,320,217 ","$49,555,763 ","$192,263,635 "
Oklahoma,2023,21,Big 12 Conference,205514920,"$199,295,570 ","$57,968,084 ","$186,567,840 "
Oregon,2005,,Pacific-12 Conference,40107833,"$39,976,635 ","$8,234,921 ","$38,423,000 "
Oregon,2006,,Pacific-12 Conference,44711104,"$45,197,269 ","$9,791,460 ",
Oregon,2007,,Pacific-12 Conference,49531150,"$50,489,771 ","$10,891,060 ",
Oregon,2008,,Pacific-12 Conference,56259942,"$56,623,901 ","$15,248,908 ","$234,888,902 "
Oregon,2009,,Pacific-12 Conference,60248727,"$59,049,245 ","$14,999,598 ","$233,916,859 "
Oregon,2010,,Pacific-12 Conference,77856232,"$122,394,483 ","$16,453,940 ","$229,509,152 "
Oregon,2011,,Pacific-12 Conference,76274142,"$85,819,699 ","$17,374,226 ","$225,240,833 "
Oregon,2012,,Pacific-12 Conference,89709350,"$94,635,829 ","$19,402,937 ","$230,961,277 "
Oregon,2013,,Pacific-12 Conference,94972708,"$115,241,070 ","$21,045,182 ","$233,239,157 "
Oregon,2014,,Pacific-12 Conference,110378432,"$196,030,398 ","$29,222,176 ","$227,796,849 "
Oregon,2015,,Pacific-12 Conference,103880557,"$105,701,523 ","$20,724,336 ","$224,451,159 "
Oregon,2016,,Pacific-12 Conference,110202688,"$111,701,175 ","$23,594,213 ","$220,114,828 "
Oregon,2017,,Pacific-12 Conference,119945650,"$145,417,315 ","$28,912,047 ","$213,966,484 "
Oregon,2018,,Pacific-12 Conference,119811239,"$122,541,827 ","$27,875,265 ","$207,882,801 "
Oregon,2019,,Pacific-12 Conference,128943543,"$127,508,498 ","$34,724,839 ","$201,456,668 "
Oregon,2020,,Pacific-12 Conference,120884588,"$391,769,609 ","$32,734,039 ","$194,661,236 "
Oregon,2021,,Pacific-12 Conference,101243145,"$117,521,817 ","$24,569,707 ","$188,131,853 "
Oregon,2022,,Pacific-12 Conference,140565297,"$153,510,555 ","$40,726,930 ","$181,218,960 "
Oregon,2023,20,Pacific-12 Conference,146778941,"$150,605,799 ","$42,911,990 ","$173,897,163 "
South Carolina,2005,,Southeastern Conference,48935414,"$46,280,330 ","$10,331,418 ","$30,636,666 "
South Carolina,2006,,Southeastern Conference,53098347,"$52,058,257 ","$13,191,604 ","$27,928,823 "
South Carolina,2007,,Southeastern Conference,57167414,"$60,544,531 ","$14,656,554 ",
South Carolina,2008,,Southeastern Conference,64516437,"$66,545,953 ","$14,330,240 ",
South Carolina,2009,,Southeastern Conference,75597812,"$76,117,140 ","$20,544,570 ","$68,327,902 "
South Carolina,2010,,Southeastern Conference,78295030,"$79,879,193 ","$22,796,732 ","$82,789,845 "
South Carolina,2011,,Southeastern Conference,80525711,"$83,813,226 ","$22,482,479 ","$112,923,321 "
South Carolina,2012,,Southeastern Conference,84963037,"$87,608,352 ","$22,197,204 ","$124,563,640 "
South Carolina,2013,,Southeastern Conference,89097412,"$90,484,422 ","$24,975,717 ","$121,915,000 "
South Carolina,2014,,Southeastern Conference,95762786,"$98,619,479 ","$26,187,352 ","$119,250,000 "
South Carolina,2015,,Southeastern Conference,107430044,"$113,172,545 ","$28,478,476 ","$154,750,000 "
South Carolina,2016,,Southeastern Conference,116735510,"$122,331,092 ","$29,970,031 ","$151,270,000 "
South Carolina,2017,,Southeastern Conference,129317382,"$136,032,845 ","$34,794,858 ","$186,280,000 "
South Carolina,2018,,Southeastern Conference,134863557,"$140,084,150 ","$33,317,644 ","$178,200,000 "
South Carolina,2019,,Southeastern Conference,136879732,"$140,695,659 ","$36,606,779 ","$173,600,000 "
South Carolina,2020,,Southeastern Conference,133776318,"$133,011,012 ","$34,170,806 ","$167,545,000 "
South Carolina,2021,,Southeastern Conference,130364709,"$135,157,386 ","$43,854,572 ","$162,830,000 "
South Carolina,2022,,Southeastern Conference,144815377,"$142,210,807 ","$37,272,775 ","$169,360,000 "
South Carolina,2023,21,Southeastern Conference,160420148,"$160,489,386 ","$42,855,531 ","$164,250,000 "
Utah,2005,,Mountain West Conference,21311639,"$25,506,145 ","$6,917,088 ",
Utah,2006,,Mountain West Conference,24477346,"$25,046,766 ","$6,985,956 ",$0 
Utah,2007,,Mountain West Conference,26328003,"$25,913,332 ","$8,161,549 ",
Utah,2008,,Mountain West Conference,27928663,"$27,447,140 ","$8,947,125 ","$10,000,000 "
Utah,2009,,Mountain West Conference,31302138,"$32,026,436 ","$10,423,458 ","$8,810,000 "
Utah,2010,,Mountain West Conference,31742827,"$30,882,390 ","$10,660,873 ","$7,545,000 "
Utah,2011,,Mountain West Conference,36846478,"$38,091,538 ","$11,781,103 ","$400,000 "
Utah,2012,,Pacific-12 Conference,43719503,"$40,838,218 ","$15,713,226 ","$3,000,000 "
Utah,2013,,Pacific-12 Conference,49520152,"$46,855,283 ","$15,670,497 ","$25,195,000 "
Utah,2014,,Pacific-12 Conference,50531606,"$56,470,310 ","$16,062,071 ","$50,212,538 "
Utah,2015,,Pacific-12 Conference,58734014,"$62,441,552 ","$18,817,619 ","$76,555,586 "
Utah,2016,,Pacific-12 Conference,78051971,"$79,447,512 ","$24,727,560 ","$79,208,469 "
Utah,2017,,Pacific-12 Conference,81620307,"$83,672,639 ","$26,761,391 ","$75,022,912 "
Utah,2018,,Pacific-12 Conference,87578834,"$91,386,593 ","$29,808,363 ","$47,696,330 "
Utah,2019,,Pacific-12 Conference,96000514,"$99,526,695 ","$31,061,561 ","$45,135,410 "
Utah,2020,,Pacific-12 Conference,95185806,"$97,217,204 ","$33,317,718 ","$42,928,194 "
Utah,2021,,Pacific-12 Conference,82056884,"$51,021,217 ","$22,975,592 ","$111,836,274 "
Utah,2022,,Pacific-12 Conference,111880434,"$115,719,266 ","$40,071,987 ","$106,176,947 "
Utah,2023,20,Pacific-12 Conference,124453484,"$126,256,291 ","$51,843,385 ","$101,205,305 "
Virginia,2005,,Atlantic Coast Conference,59825403,"$63,060,540 ","$16,812,582 ","$45,000,000 "
Virginia,2006,,Atlantic Coast Conference,51591398,"$52,898,726 ","$14,032,284 ","$65,000,000 "
Virginia,2007,,Atlantic Coast Conference,64852417,"$64,069,968 ","$17,145,138 ","$60,800,792 "
Virginia,2008,,Atlantic Coast Conference,65838543,"$64,396,612 ","$18,532,848 ",
Virginia,2009,,Atlantic Coast Conference,63696905,"$67,141,171 ","$17,226,350 ","$56,100,000 "
Virginia,2010,,Atlantic Coast Conference,70870412,"$81,841,633 ","$15,927,675 ","$57,466,897 "
Virginia,2011,,Atlantic Coast Conference,72400342,"$78,439,006 ","$16,739,587 ","$55,167,489 "
Virginia,2012,,Atlantic Coast Conference,75437849,"$80,835,566 ","$17,319,041 ","$52,776,152 "
Virginia,2013,,Atlantic Coast Conference,84201789,"$84,402,710 ","$21,455,216 ","$91,096,703 "
Virginia,2014,,Atlantic Coast Conference,87426105,"$83,697,971 ","$22,459,835 ","$83,807,229 "
Virginia,2015,,Atlantic Coast Conference,91345925,"$91,256,772 ","$18,170,478 ","$75,803,527 "
Virginia,2016,,Atlantic Coast Conference,99801739,"$103,272,319 ","$20,443,566 ","$67,673,083 "
Virginia,2017,,Atlantic Coast Conference,100324517,"$92,865,175 ","$22,283,693 ","$62,478,876 "
Virginia,2018,,Atlantic Coast Conference,106926915,"$106,581,570 ","$22,712,557 ","$57,328,987 "
Virginia,2019,,Atlantic Coast Conference,112621238,"$110,219,117 ","$25,888,748 ","$11,314,601 "
Virginia,2020,,Atlantic Coast Conference,111779897,"$110,283,933 ","$27,425,860 ","$51,920,815 "
Virginia,2021,,Atlantic Coast Conference,101172838,"$105,346,428 ","$23,870,870 ","$58,016,295 "
Virginia,2022,,Atlantic Coast Conference,150584173,"$161,916,231 ","$31,075,143 ","$27,058,121 "
Virginia,2023,25,Atlantic Coast Conference,138225818,"$140,937,329 ","$31,134,941 ","$24,939,741 "
Washington,2005,,Pacific-12 Conference,45423346,"$43,197,964 ","$13,400,762 ","$9,000,000 "
Washington,2006,,Pacific-12 Conference,49011005,"$52,441,834 ","$15,122,759 ","$8,000,000 "
Washington,2007,,Pacific-12 Conference,50795299,"$59,648,451 ","$13,765,662 ","$7,000,000 "
Washington,2008,,Pacific-12 Conference,57330671,"$60,729,016 ","$17,202,549 ","$6,000,000 "
Washington,2009,,Pacific-12 Conference,60575780,"$54,019,862 ","$18,531,946 ","$5,000,000 "
Washington,2010,,Pacific-12 Conference,61640598,"$64,034,410 ","$19,207,560 ","$4,000,000 "
Washington,2011,,Pacific-12 Conference,67900835,"$70,231,336 ","$21,306,380 ","$3,000,000 "
Washington,2012,,Pacific-12 Conference,73833643,"$82,594,783 ","$25,368,852 ","$72,000,000 "
Washington,2013,,Pacific-12 Conference,76209927,"$85,072,886 ","$23,801,655 ","$229,000,000 "
Washington,2014,,Pacific-12 Conference,86097137,"$100,275,187 ","$29,099,172 ","$263,000,000 "
Washington,2015,,Pacific-12 Conference,104403253,"$103,540,117 ","$44,193,760 ","$256,000,000 "
Washington,2016,,Pacific-12 Conference,109560972,"$107,154,560 ","$47,055,472 ","$258,944,000 "
Washington,2017,,Pacific-12 Conference,123503513,"$128,745,183 ","$37,660,773 ","$254,179,791 "
Washington,2018,,Pacific-12 Conference,126133008,"$130,919,331 ","$38,744,975 ","$249,489,890 "
Washington,2019,,Pacific-12 Conference,131317636,"$133,792,677 ","$40,474,139 ","$244,218,268 "
Washington,2020,,Pacific-12 Conference,128976495,"$137,573,939 ","$51,454,948 ","$240,368,816 "
Washington,2021,,Pacific-12 Conference,86150595,"$83,431,816 ","$24,267,707 ","$249,456,994 "
Washington,2022,,Pacific-12 Conference,149458923,"$145,184,864 ","$70,461,921 ","$244,444,707 "
Washington,2023,21,Pacific-12 Conference,150037375,"$151,599,477 ","$58,758,083 ","$244,444,707 "
Wisconsin,2005,,Big Ten Conference,75719048,"$75,814,556 ","$21,993,983 ","$113,443,842 "
Wisconsin,2006,,Big Ten Conference,78845355,"$78,948,241 ","$22,893,611 ","$109,000,000 "
Wisconsin,2007,,Big Ten Conference,83134641,"$84,312,381 ",,
Wisconsin,2008,,Big Ten Conference,93008125,"$95,118,124 ","$22,905,094 ","$98,669,792 "
Wisconsin,2009,,Big Ten Conference,89643069,"$91,806,135 ","$22,711,914 ","$93,262,608 "
Wisconsin,2010,,Big Ten Conference,92259330,"$96,038,912 ","$22,041,488 ","$87,735,827 "
Wisconsin,2011,,Big Ten Conference,95623345,"$96,288,191 ","$23,662,925 ","$91,077,543 "
Wisconsin,2012,,Big Ten Conference,102275206,"$103,803,040 ","$24,231,299 ","$121,003,319 "
Wisconsin,2013,,Big Ten Conference,146659187,"$149,141,405 ","$31,811,279 ","$124,779,662 "
Wisconsin,2014,,Big Ten Conference,125096235,"$127,910,918 ","$31,282,930 ","$117,033,186 "
Wisconsin,2015,,Big Ten Conference,118691112,"$123,895,543 ","$30,689,254 ","$111,136,348 "
Wisconsin,2016,,Big Ten Conference,130433373,"$132,788,726 ","$30,731,315 ","$105,087,305 "
Wisconsin,2017,,Big Ten Conference,142930591,"$143,420,668 ","$33,147,288 ","$97,177,966 "
Wisconsin,2018,,Big Ten Conference,149798158,"$151,966,795 ","$38,285,426 ","$90,808,422 "
Wisconsin,2019,,Big Ten Conference,154621828,"$157,660,107 ","$40,412,322 ","$83,682,269 "
Wisconsin,2020,,Big Ten Conference,149196055,"$148,198,907 ","$36,707,380 ","$78,556,514 "
Wisconsin,2021,,Big Ten Conference,127088011,"$106,916,838 ","$27,914,023 ","$101,278,116 "
Wisconsin,2022,,Big Ten Conference,147807183,"$150,100,977 ","$39,255,866 ","$96,580,689 "
Wisconsin,2023,23,Big Ten Conference,194020289,"$197,723,038 ","$64,357,070 ","$101,421,914 "
Virginia Tech,2005,,Atlantic Coast Conference,37465129,"$45,730,485 ","$13,897,147 ","$80,000,000 "
Virginia Tech,2006,,Atlantic Coast Conference,45311500,"$48,658,004 ","$17,566,222 ","$76,235,000 "
Virginia Tech,2007,,Atlantic Coast Conference,56064171,"$65,602,382 ","$26,294,091 ","$70,260,000 "
Virginia Tech,2008,,Atlantic Coast Conference,59157745,"$64,412,343 ","$25,570,614 ","$65,630,000 "
Virginia Tech,2009,,Atlantic Coast Conference,58920659,"$60,895,876 ","$25,804,061 ","$60,815,000 "
Virginia Tech,2010,,Atlantic Coast Conference,55738633,"$63,613,464 ","$21,270,983 ","$67,240,000 "
Virginia Tech,2011,,Atlantic Coast Conference,62594797,"$66,909,557 ","$24,628,457 ","$63,760,000 "
Virginia Tech,2012,,Atlantic Coast Conference,66970798,"$70,723,748 ",$0 ,"$61,020,000 "
Virginia Tech,2013,,Atlantic Coast Conference,66581916,"$70,030,484 ","$24,781,694 ","$55,805,000 "
Virginia Tech,2014,,Atlantic Coast Conference,69597779,"$73,065,186 ","$24,022,916 ","$52,800,000 "
Virginia Tech,2015,,Atlantic Coast Conference,77679721,"$80,230,095 ","$26,153,443 ","$49,740,000 "
Virginia Tech,2016,,Atlantic Coast Conference,84617028,"$83,702,698 ","$30,870,180 ","$47,055,000 "
Virginia Tech,2017,,Atlantic Coast Conference,90716423,"$87,427,526 ","$30,878,285 ","$74,926,000 "
Virginia Tech,2018,,Atlantic Coast Conference,93588260,"$98,485,395 ","$32,532,683 ","$71,559,000 "
Virginia Tech,2019,,Atlantic Coast Conference,93961068,"$96,772,489 ","$33,666,607 ","$68,091,000 "
Virginia Tech,2020,,Atlantic Coast Conference,97492220,"$99,193,958 ","$34,265,430 ","$64,186,000 "
Virginia Tech,2021,,Atlantic Coast Conference,85587390,"$90,296,622 ","$26,699,874 ","$98,863,000 "
Virginia Tech,2022,,Atlantic Coast Conference,117280036,"$112,690,598 ","$41,766,016 ","$97,357,000 "
Virginia Tech,2023,22,Atlantic Coast Conference,116947347,"$129,522,082 ","$32,445,289 ","$94,668,000 "
Washington State,2005,,Pacific-12 Conference,27873562,"$28,391,053 ","$6,686,483 ",
Washington State,2006,,Pacific-12 Conference,29444187,"$31,928,693 ","$7,350,030 ","$3,122,309 "
Washington State,2007,,Pacific-12 Conference,32030273,"$34,228,297 ","$7,533,545 ",
Washington State,2008,,Pacific-12 Conference,36495847,"$39,621,060 ","$8,274,189 ","$26,080,136 "
Washington State,2009,,Pacific-12 Conference,38079471,"$38,293,755 ","$8,933,696 ","$27,438,541 "
Washington State,2010,,Pacific-12 Conference,38045842,"$39,352,096 ","$9,181,495 ","$22,570,000 "
Washington State,2011,,Pacific-12 Conference,40617093,"$39,983,482 ","$9,193,553 ","$21,950,000 "
Washington State,2012,,Pacific-12 Conference,47962255,"$42,729,548 ","$12,720,020 ","$21,305,000 "
Washington State,2013,,Pacific-12 Conference,52126124,"$47,191,240 ","$12,658,532 ","$150,281,676 "
Washington State,2014,,Pacific-12 Conference,68141258,"$54,426,818 ","$16,258,003 ","$147,247,582 "
Washington State,2015,,Pacific-12 Conference,67386939,"$54,112,604 ","$16,638,377 ","$143,262,393 "
Washington State,2016,,Pacific-12 Conference,71688623,"$58,753,266 ","$18,430,942 ","$140,047,315 "
Washington State,2017,,Pacific-12 Conference,71801820,"$64,294,520 ","$19,053,746 ","$135,566,832 "
Washington State,2018,,Pacific-12 Conference,73775035,"$65,117,715 ","$20,023,375 ","$131,101,349 "
Washington State,2019,,Pacific-12 Conference,76258966,"$71,691,339 ","$22,052,168 ","$126,480,866 "
Washington State,2020,,Pacific-12 Conference,77271930,"$74,741,186 ","$23,049,901 ","$125,234,383 "
Washington State,2021,,Pacific-12 Conference,65002028,"$40,089,718 ","$16,533,539 ","$157,660,191 "
Washington State,2022,,Pacific-12 Conference,83691991,"$85,028,825 ","$22,822,345 ","$151,767,093 "
Washington State,2023,17,Pacific-12 Conference,90909237,"$78,981,224 ","$25,335,772 ","$145,650,998 "
West Virginia,2005,,Big East Conference,35853722,"$33,541,339 ","$11,328,836 ","$37,050,000 "
West Virginia,2006,,Big East Conference,39160670,"$49,917,536 ","$11,942,160 ","$35,906,000 "
West Virginia,2007,,Big East Conference,42720691,"$46,970,708 ","$13,810,787 ","$35,487,646 "
West Virginia,2008,,Big East Conference,49052709,"$54,262,716 ","$17,778,686 ",
West Virginia,2009,,Big East Conference,53368035,"$55,658,165 ","$15,900,884 ","$40,000,000 "
West Virginia,2010,,Big East Conference,56607917,"$62,030,104 ","$14,330,236 ","$38,056,000 "
West Virginia,2011,,Big East Conference,61709469,"$60,451,426 ","$12,835,298 ","$31,338,268 "
West Virginia,2012,,Big East Conference,92968960,"$80,064,869 ","$17,190,592 ","$30,646,570 "
West Virginia,2013,,Big 12 Conference,73501593,"$77,706,698 ","$16,135,413 ","$12,676,862 "
West Virginia,2014,,Big 12 Conference,76618251,"$77,626,819 ","$17,161,159 ","$12,917,940 "
West Virginia,2015,,Big 12 Conference,87265473,"$90,523,565 ","$17,367,769 ","$116,965,768 "
West Virginia,2016,,Big 12 Conference,85900652,"$105,140,368 ","$16,645,015 ","$113,750,062 "
West Virginia,2017,,Big 12 Conference,89196193,"$110,565,870 ","$19,505,650 ","$109,905,832 "
West Virginia,2018,,Big 12 Conference,91807281,"$102,684,423 ","$21,038,496 ","$189,878,553 "
West Virginia,2019,,Big 12 Conference,98249890,"$102,680,928 ","$24,046,517 ","$109,333,190 "
West Virginia,2020,,Big 12 Conference,90208214,"$86,869,104 ","$22,221,319 ","$106,346,379 "
West Virginia,2021,,Big 12 Conference,64814692,"$72,982,006 ","$17,233,863 ","$143,449,616 "
West Virginia,2022,,Big 12 Conference,97067706,"$105,193,311 ","$24,342,556 ","$148,865,494 "
West Virginia,2023,19,Big 12 Conference,103142400,"$105,960,843 ","$24,219,155 ","$144,545,532 "